"point","error_auto","error_local_auto","rmse_component","truth_rmse_auto","truth_rmse_local_auto","truth_rmse_delta","dataset_id","batch_id","local_dim","auto_dim","dim_deviation"
1,-0.0310176302645065,-0.0313531894833185,6.33606982404629e-07,0.0323567733284085,0.0337065881320661,0.00134981480365755,"SYN-PARA-LINE-N500","FB10",2,2,0
2,-0.0155924001242645,-0.0174448605986222,1.85277340774772e-06,0.0323567733284085,0.0337065881320661,0.00134981480365755,"SYN-PARA-LINE-N500","FB10",2,2,0
3,-0.0199698777458151,-0.0179896533092924,-2.27564536022702e-06,0.0323567733284085,0.0337065881320661,0.00134981480365755,"SYN-PARA-LINE-N500","FB10",2,2,0
4,-0.0330203936859028,-0.0181442616638024,-2.3042489846747e-05,0.0323567733284085,0.0337065881320661,0.00134981480365755,"SYN-PARA-LINE-N500","FB10",3,2,1
5,-0.0287331194938165,-0.0310567816979591,4.2060086110475e-06,0.0323567733284085,0.0337065881320661,0.00134981480365755,"SYN-PARA-LINE-N500","FB10",2,2,0
6,0.0221793679263871,0.00260608389732012,-1.4686890815401e-05,0.0323567733284085,0.0337065881320661,0.00134981480365755,"SYN-PARA-LINE-N500","FB10",2,2,0
7,0.0514557357763812,0.056796436828148,1.75026665099672e-05,0.0323567733284085,0.0337065881320661,0.00134981480365755,"SYN-PARA-LINE-N500","FB10",2,2,0
8,-0.00321370427568012,-0.00935068894356783,2.33434953484679e-06,0.0323567733284085,0.0337065881320661,0.00134981480365755,"SYN-PARA-LINE-N500","FB10",2,2,0
9,0.0173858819442955,0.0118098350124494,-4.92850149797793e-06,0.0323567733284085,0.0337065881320661,0.00134981480365755,"SYN-PARA-LINE-N500","FB10",2,2,0
10,0.00144061616536412,0.00102522012750156,-3.10095824199601e-08,0.0323567733284085,0.0337065881320661,0.00134981480365755,"SYN-PARA-LINE-N500","FB10",2,2,0
11,0.0331287798639224,0.0288247510774255,-8.07254655838904e-06,0.0323567733284085,0.0337065881320661,0.00134981480365755,"SYN-PARA-LINE-N500","FB10",2,2,0
12,0.0235780024224663,0.022814817953913,-1.07188853794003e-06,0.0323567733284085,0.0337065881320661,0.00134981480365755,"SYN-PARA-LINE-N500","FB10",2,2,0
13,0.0178568373534009,-0.000167673947671532,-9.6525068862518e-06,0.0323567733284085,0.0337065881320661,0.00134981480365755,"SYN-PARA-LINE-N500","FB10",2,2,0
14,-0.0160582902154807,-0.0107600572134883,-4.30162347981859e-06,0.0323567733284085,0.0337065881320661,0.00134981480365755,"SYN-PARA-LINE-N500","FB10",2,2,0
15,-0.00598648093439212,-0.0100200982294341,1.95462093124937e-06,0.0323567733284085,0.0337065881320661,0.00134981480365755,"SYN-PARA-LINE-N500","FB10",2,2,0
16,-0.00914297579273012,-0.0303715949516145,2.53950073085627e-05,0.0323567733284085,0.0337065881320661,0.00134981480365755,"SYN-PARA-LINE-N500","FB10",2,2,0
17,0.0236539330923726,0.0183829999298356,-6.70791977337299e-06,0.0323567733284085,0.0337065881320661,0.00134981480365755,"SYN-PARA-LINE-N500","FB10",2,2,0
18,-0.0191305294481724,-0.00851549284165808,-8.88430537421676e-06,0.0323567733284085,0.0337065881320661,0.00134981480365755,"SYN-PARA-LINE-N500","FB10",3,2,1
19,0.0161307440295901,0.00749412852799539,-6.1770680765652e-06,0.0323567733284085,0.0337065881320661,0.00134981480365755,"SYN-PARA-LINE-N500","FB10",2,2,0
20,0.00562684853731221,0.0106106889135129,2.44992967261923e-06,0.0323567733284085,0.0337065881320661,0.00134981480365755,"SYN-PARA-LINE-N500","FB10",2,2,0
21,0.0150604554412475,0.0193095566548262,4.42126034399622e-06,0.0323567733284085,0.0337065881320661,0.00134981480365755,"SYN-PARA-LINE-N500","FB10",2,2,0
22,0.0425872390512171,0.0517686418114385,2.62269229371208e-05,0.0323567733284085,0.0337065881320661,0.00134981480365755,"SYN-PARA-LINE-N500","FB10",2,2,0
23,-0.0011823819516535,-0.00394945605794181,4.29895656536134e-07,0.0323567733284085,0.0337065881320661,0.00134981480365755,"SYN-PARA-LINE-N500","FB10",2,2,0
24,-0.000103165499872326,-0.0272701229307685,2.25132038424592e-05,0.0323567733284085,0.0337065881320661,0.00134981480365755,"SYN-PARA-LINE-N500","FB10",2,2,0
25,-0.022174922079751,-0.0318412275767704,1.58071461339444e-05,0.0323567733284085,0.0337065881320661,0.00134981480365755,"SYN-PARA-LINE-N500","FB10",2,2,0
26,0.000392944664297897,0.00435548246298434,5.69629566531257e-07,0.0323567733284085,0.0337065881320661,0.00134981480365755,"SYN-PARA-LINE-N500","FB10",2,2,0
27,0.0374418664718501,-0.000105415024087646,-4.24405365266582e-05,0.0323567733284085,0.0337065881320661,0.00134981480365755,"SYN-PARA-LINE-N500","FB10",3,2,1
28,-0.0377953147717601,-0.0466689560132803,2.26905086300063e-05,0.0323567733284085,0.0337065881320661,0.00134981480365755,"SYN-PARA-LINE-N500","FB10",2,2,0
29,0.0237903692794605,0.0230467893436822,-1.05435662464349e-06,0.0323567733284085,0.0337065881320661,0.00134981480365755,"SYN-PARA-LINE-N500","FB10",2,2,0
30,-0.00615294777913934,-0.0169216109960994,7.52254038660023e-06,0.0323567733284085,0.0337065881320661,0.00134981480365755,"SYN-PARA-LINE-N500","FB10",2,2,0
31,0.0321483644499871,0.0464631183194552,3.40674165613496e-05,0.0323567733284085,0.0337065881320661,0.00134981480365755,"SYN-PARA-LINE-N500","FB10",2,2,0
32,-0.0834042953796296,-0.0859539260619355,1.30723265708033e-05,0.0323567733284085,0.0337065881320661,0.00134981480365755,"SYN-PARA-LINE-N500","FB10",2,2,0
33,-0.0574549498233703,-0.0583071799144198,2.98670755424819e-06,0.0323567733284085,0.0337065881320661,0.00134981480365755,"SYN-PARA-LINE-N500","FB10",2,2,0
34,0.0408390251818631,0.0404369598243635,-9.89300491081164e-07,0.0323567733284085,0.0337065881320661,0.00134981480365755,"SYN-PARA-LINE-N500","FB10",2,2,0
35,-0.0343851837831921,-0.0338356022013418,-1.13505842414267e-06,0.0323567733284085,0.0337065881320661,0.00134981480365755,"SYN-PARA-LINE-N500","FB10",2,2,0
36,0.0331130974460233,0.0272743705660122,-1.06741747589889e-05,0.0323567733284085,0.0337065881320661,0.00134981480365755,"SYN-PARA-LINE-N500","FB10",2,2,0
37,-0.0162438721296507,-0.00865850012763238,-5.71856330432863e-06,0.0323567733284085,0.0337065881320661,0.00134981480365755,"SYN-PARA-LINE-N500","FB10",2,2,0
38,0.0606422090917588,0.0626712449785471,7.5747711924157e-06,0.0323567733284085,0.0337065881320661,0.00134981480365755,"SYN-PARA-LINE-N500","FB10",2,2,0
39,0.0151311258627481,0.012022401396273,-2.55551133563554e-06,0.0323567733284085,0.0337065881320661,0.00134981480365755,"SYN-PARA-LINE-N500","FB10",2,2,0
40,-0.0111513687851965,-0.0120014633380712,5.95855131694673e-07,0.0323567733284085,0.0337065881320661,0.00134981480365755,"SYN-PARA-LINE-N500","FB10",2,2,0
41,0.0179883302515824,0.0167683160770341,-1.28372520693009e-06,0.0323567733284085,0.0337065881320661,0.00134981480365755,"SYN-PARA-LINE-N500","FB10",2,2,0
42,-0.0586477506151108,-0.05670953661646,-6.76886867442797e-06,0.0323567733284085,0.0337065881320661,0.00134981480365755,"SYN-PARA-LINE-N500","FB10",2,2,0
43,0.0509844032429815,0.044319906128957,-1.92286701954575e-05,0.0323567733284085,0.0337065881320661,0.00134981480365755,"SYN-PARA-LINE-N500","FB10",2,2,0
44,-0.0442436040000767,-0.0392106080263829,-1.27158141466433e-05,0.0323567733284085,0.0337065881320661,0.00134981480365755,"SYN-PARA-LINE-N500","FB10",2,2,0
45,-0.033261170451754,-0.0344899905720801,2.52042850987383e-06,0.0323567733284085,0.0337065881320661,0.00134981480365755,"SYN-PARA-LINE-N500","FB10",2,2,0
46,-0.0292023662001809,-0.0311175744837993,3.49740756484061e-06,0.0323567733284085,0.0337065881320661,0.00134981480365755,"SYN-PARA-LINE-N500","FB10",2,2,0
47,0.0371733030028325,0.0285874682654339,-1.70930180309099e-05,0.0323567733284085,0.0337065881320661,0.00134981480365755,"SYN-PARA-LINE-N500","FB10",2,2,0
48,0.0775571721764022,0.0724419590027039,-2.32285343914786e-05,0.0323567733284085,0.0337065881320661,0.00134981480365755,"SYN-PARA-LINE-N500","FB10",2,2,0
49,0.0347657183944176,0.0312071842458937,-7.10732308295422e-06,0.0323567733284085,0.0337065881320661,0.00134981480365755,"SYN-PARA-LINE-N500","FB10",2,2,0
50,0.0596921000284639,0.0630792338301593,1.25892151291932e-05,0.0323567733284085,0.0337065881320661,0.00134981480365755,"SYN-PARA-LINE-N500","FB10",2,2,0
51,-0.00755463877206221,-0.0147977711654774,4.90139953251863e-06,0.0323567733284085,0.0337065881320661,0.00134981480365755,"SYN-PARA-LINE-N500","FB10",2,2,0
52,-0.00698279858951106,-0.0129001192528373,3.56184117776499e-06,0.0323567733284085,0.0337065881320661,0.00134981480365755,"SYN-PARA-LINE-N500","FB10",2,2,0
53,0.0165678430827468,0.0153839339966877,-1.14520358527955e-06,0.0323567733284085,0.0337065881320661,0.00134981480365755,"SYN-PARA-LINE-N500","FB10",2,2,0
54,-0.0128350176698587,-0.01144941898963,-1.01867306299924e-06,0.0323567733284085,0.0337065881320661,0.00134981480365755,"SYN-PARA-LINE-N500","FB10",2,2,0
55,0.0629312183493905,0.0594454165898841,-1.29142895536438e-05,0.0323567733284085,0.0337065881320661,0.00134981480365755,"SYN-PARA-LINE-N500","FB10",2,2,0
56,0.0136831123460928,0.0108354276316956,-2.11376078875003e-06,0.0323567733284085,0.0337065881320661,0.00134981480365755,"SYN-PARA-LINE-N500","FB10",2,2,0
57,-0.00821127998090615,-0.0170221558388336,6.73077074982699e-06,0.0323567733284085,0.0337065881320661,0.00134981480365755,"SYN-PARA-LINE-N500","FB10",2,2,0
58,0.0220806068020991,-0.00221429090049,-1.46117333991755e-05,0.0323567733284085,0.0337065881320661,0.00134981480365755,"SYN-PARA-LINE-N500","FB10",2,2,0
59,-0.0287403960335486,-0.0362558587662316,1.47881342975249e-05,0.0323567733284085,0.0337065881320661,0.00134981480365755,"SYN-PARA-LINE-N500","FB10",2,2,0
60,-0.0408960528217115,-0.0419036563435641,2.52573519478627e-06,0.0323567733284085,0.0337065881320661,0.00134981480365755,"SYN-PARA-LINE-N500","FB10",2,2,0
61,0.0771051626697132,0.0802099137018892,1.47865362871006e-05,0.0323567733284085,0.0337065881320661,0.00134981480365755,"SYN-PARA-LINE-N500","FB10",2,2,0
62,-0.0200926043415483,-0.0184888349991469,-1.87322377282742e-06,0.0323567733284085,0.0337065881320661,0.00134981480365755,"SYN-PARA-LINE-N500","FB10",2,2,0
63,0.0455612001140157,0.066434809737935,7.07732981611875e-05,0.0323567733284085,0.0337065881320661,0.00134981480365755,"SYN-PARA-LINE-N500","FB10",3,2,1
64,0.010145337310571,-0.00452058390424445,-2.49736581627943e-06,0.0323567733284085,0.0337065881320661,0.00134981480365755,"SYN-PARA-LINE-N500","FB10",2,2,0
65,0.00764615443629874,0.00344818336405184,-1.40997091646545e-06,0.0323567733284085,0.0337065881320661,0.00134981480365755,"SYN-PARA-LINE-N500","FB10",2,2,0
66,0.0949521524924427,0.0993089753604119,2.56227144812538e-05,0.0323567733284085,0.0337065881320661,0.00134981480365755,"SYN-PARA-LINE-N500","FB10",2,2,0
67,-0.0434562970221833,-0.0484903841554459,1.40128384154184e-05,0.0323567733284085,0.0337065881320661,0.00134981480365755,"SYN-PARA-LINE-N500","FB10",2,2,0
68,0.0403682484034795,0.0466009330547344,1.64100484874999e-05,0.0323567733284085,0.0337065881320661,0.00134981480365755,"SYN-PARA-LINE-N500","FB10",2,2,0
69,0.0371352246415943,0.0384229453394478,2.94559093650538e-06,0.0323567733284085,0.0337065881320661,0.00134981480365755,"SYN-PARA-LINE-N500","FB10",2,2,0
70,0.0560821704381164,0.056791245906005,2.42300024512921e-06,0.0323567733284085,0.0337065881320661,0.00134981480365755,"SYN-PARA-LINE-N500","FB10",2,2,0
71,-0.0400843787966226,-0.0402090932630054,3.03156161011555e-07,0.0323567733284085,0.0337065881320661,0.00134981480365755,"SYN-PARA-LINE-N500","FB10",2,2,0
72,-0.00588998094940416,-0.00557718594689204,-1.08588858297191e-07,0.0323567733284085,0.0337065881320661,0.00134981480365755,"SYN-PARA-LINE-N500","FB10",2,2,0
73,-0.0239553310152008,-0.0272825522145793,5.16109890640065e-06,0.0323567733284085,0.0337065881320661,0.00134981480365755,"SYN-PARA-LINE-N500","FB10",2,2,0
74,0.00592690618061296,0.0119573345993562,3.26503621562453e-06,0.0323567733284085,0.0337065881320661,0.00134981480365755,"SYN-PARA-LINE-N500","FB10",2,2,0
75,-0.0348634571033178,-0.127535875322564,0.000455621346549314,0.0323567733284085,0.0337065881320661,0.00134981480365755,"SYN-PARA-LINE-N500","FB10",3,2,1
76,-0.00186687788501946,-0.00487062761370907,6.12677885788744e-07,0.0323567733284085,0.0337065881320661,0.00134981480365755,"SYN-PARA-LINE-N500","FB10",2,2,0
77,0.0734798109167212,0.0783068890814353,2.21813195410433e-05,0.0323567733284085,0.0337065881320661,0.00134981480365755,"SYN-PARA-LINE-N500","FB10",2,2,0
78,0.0795475973748325,0.0721449810041511,-3.39953020613696e-05,0.0323567733284085,0.0337065881320661,0.00134981480365755,"SYN-PARA-LINE-N500","FB10",2,2,0
79,0.0367060051427359,0.0393442422615143,6.07412584399661e-06,0.0323567733284085,0.0337065881320661,0.00134981480365755,"SYN-PARA-LINE-N500","FB10",2,2,0
80,-0.0441402692407528,-0.0368226229443505,-1.79360479105746e-05,0.0323567733284085,0.0337065881320661,0.00134981480365755,"SYN-PARA-LINE-N500","FB10",2,2,0
81,-0.0172701617482591,-0.0257164859641356,1.09918464790738e-05,0.0323567733284085,0.0337065881320661,0.00134981480365755,"SYN-PARA-LINE-N500","FB10",2,2,0
82,0.00104222724961565,-0.000117411723562234,-3.24673799002246e-08,0.0323567733284085,0.0337065881320661,0.00134981480365755,"SYN-PARA-LINE-N500","FB10",2,2,0
83,0.00722594130972998,-0.00485206093288781,-8.68007073250736e-07,0.0323567733284085,0.0337065881320661,0.00134981480365755,"SYN-PARA-LINE-N500","FB10",2,2,0
84,-0.0965946762469037,-0.093099788133089,-2.0070457032821e-05,0.0323567733284085,0.0337065881320661,0.00134981480365755,"SYN-PARA-LINE-N500","FB10",3,2,1
85,-0.0107605677663452,-0.0382861536526393,4.08710581179591e-05,0.0323567733284085,0.0337065881320661,0.00134981480365755,"SYN-PARA-LINE-N500","FB10",2,2,0
86,0.0106893467689029,0.00842571124979657,-1.30994013396654e-06,0.0323567733284085,0.0337065881320661,0.00134981480365755,"SYN-PARA-LINE-N500","FB10",2,2,0
87,0.00759752526099313,0.00991733549383098,1.23006617609309e-06,0.0323567733284085,0.0337065881320661,0.00134981480365755,"SYN-PARA-LINE-N500","FB10",2,2,0
88,0.017243885328199,0.0118412969977367,-4.75710781739378e-06,0.0323567733284085,0.0337065881320661,0.00134981480365755,"SYN-PARA-LINE-N500","FB10",2,2,0
89,0.01858551772443,0.0269023466732215,1.14530892487944e-05,0.0323567733284085,0.0337065881320661,0.00134981480365755,"SYN-PARA-LINE-N500","FB10",2,2,0
90,-0.0119072062192873,-0.0247932671484619,1.43173016174575e-05,0.0323567733284085,0.0337065881320661,0.00134981480365755,"SYN-PARA-LINE-N500","FB10",2,2,0
91,0.0276629808243883,0.0259666840930546,-2.75407800302163e-06,0.0323567733284085,0.0337065881320661,0.00134981480365755,"SYN-PARA-LINE-N500","FB10",2,2,0
92,-0.0409906264907335,-0.0383322548916329,-6.3838621094651e-06,0.0323567733284085,0.0337065881320661,0.00134981480365755,"SYN-PARA-LINE-N500","FB10",2,2,0
93,0.0345722385570778,0.0405267467689069,1.35378374620297e-05,0.0323567733284085,0.0337065881320661,0.00134981480365755,"SYN-PARA-LINE-N500","FB10",2,2,0
94,0.0224628959299404,0.0101435946525198,-1.21607248618444e-05,0.0323567733284085,0.0337065881320661,0.00134981480365755,"SYN-PARA-LINE-N500","FB10",2,2,0
95,0.0312836599401429,0.0322990096236315,1.95444621616976e-06,0.0323567733284085,0.0337065881320661,0.00134981480365755,"SYN-PARA-LINE-N500","FB10",2,2,0
96,0.00596095841800426,-0.00959423356407874,1.71097235052844e-06,0.0323567733284085,0.0337065881320661,0.00134981480365755,"SYN-PARA-LINE-N500","FB10",2,2,0
97,0.00385352392265226,-0.0026958976121787,-2.29530636028522e-07,0.0323567733284085,0.0337065881320661,0.00134981480365755,"SYN-PARA-LINE-N500","FB10",2,2,0
98,-0.0484559399534453,-0.0414126021976239,-1.91626487662744e-05,0.0323567733284085,0.0337065881320661,0.00134981480365755,"SYN-PARA-LINE-N500","FB10",2,2,0
99,-0.0325906738612459,-0.0177465757520081,-2.26210430498723e-05,0.0323567733284085,0.0337065881320661,0.00134981480365755,"SYN-PARA-LINE-N500","FB10",2,2,0
100,0.0357877470168133,0.0457921420107865,2.47083228995214e-05,0.0323567733284085,0.0337065881320661,0.00134981480365755,"SYN-PARA-LINE-N500","FB10",2,2,0
101,-0.00952283571125546,-0.00786885446980311,-8.70846674486346e-07,0.0323567733284085,0.0337065881320661,0.00134981480365755,"SYN-PARA-LINE-N500","FB10",2,2,0
102,0.0163693190883078,0.018599390277167,2.3608459982526e-06,0.0323567733284085,0.0337065881320661,0.00134981480365755,"SYN-PARA-LINE-N500","FB10",2,2,0
103,-0.00355350606991239,-0.00596912649355835,6.96394043495913e-07,0.0323567733284085,0.0337065881320661,0.00134981480365755,"SYN-PARA-LINE-N500","FB10",2,2,0
104,0.0181132315571503,0.0142902557327209,-3.75027082478986e-06,0.0323567733284085,0.0337065881320661,0.00134981480365755,"SYN-PARA-LINE-N500","FB10",2,2,0
105,0.0277600863038227,0.0286446914726757,1.51054856628651e-06,0.0323567733284085,0.0337065881320661,0.00134981480365755,"SYN-PARA-LINE-N500","FB10",2,2,0
106,0.0347452640696407,0.0353009055457582,1.17827964611709e-06,0.0323567733284085,0.0337065881320661,0.00134981480365755,"SYN-PARA-LINE-N500","FB10",2,2,0
107,0.00612458944216157,0.0110623331321446,2.56918862786844e-06,0.0323567733284085,0.0337065881320661,0.00134981480365755,"SYN-PARA-LINE-N500","FB10",2,2,0
108,0.0357592844929318,0.0287004917973956,-1.37749030014553e-05,0.0323567733284085,0.0337065881320661,0.00134981480365755,"SYN-PARA-LINE-N500","FB10",2,2,0
109,-0.00587168141203101,-0.00637973779241744,1.88437631934091e-07,0.0323567733284085,0.0337065881320661,0.00134981480365755,"SYN-PARA-LINE-N500","FB10",2,2,0
110,0.0237979924505456,0.0277697831315569,6.20060517568474e-06,0.0323567733284085,0.0337065881320661,0.00134981480365755,"SYN-PARA-LINE-N500","FB10",2,2,0
111,0.032476620303954,0.031678026676912,-1.55104103368084e-06,0.0323567733284085,0.0337065881320661,0.00134981480365755,"SYN-PARA-LINE-N500","FB10",2,2,0
112,0.0104636213790941,0.0246140321039215,1.50268830732997e-05,0.0323567733284085,0.0337065881320661,0.00134981480365755,"SYN-PARA-LINE-N500","FB10",2,2,0
113,0.0426750603167938,0.0508227549741059,2.30624549909346e-05,0.0323567733284085,0.0337065881320661,0.00134981480365755,"SYN-PARA-LINE-N500","FB10",2,2,0
114,0.0381256986659825,0.0360942973093654,-4.56442412796825e-06,0.0323567733284085,0.0337065881320661,0.00134981480365755,"SYN-PARA-LINE-N500","FB10",2,2,0
115,-0.000873527098054556,-0.000611357516661937,-1.17854002354838e-08,0.0323567733284085,0.0337065881320661,0.00134981480365755,"SYN-PARA-LINE-N500","FB10",2,2,0
116,-0.0076876817085818,0.00158460131012469,-1.71318829346192e-06,0.0323567733284085,0.0337065881320661,0.00134981480365755,"SYN-PARA-LINE-N500","FB10",2,2,0
117,-0.0611037570168943,-0.0602715305431667,-3.05802566901529e-06,0.0323567733284085,0.0337065881320661,0.00134981480365755,"SYN-PARA-LINE-N500","FB10",2,2,0
118,0.0120113833402888,0.0155434748151574,2.94645253981802e-06,0.0323567733284085,0.0337065881320661,0.00134981480365755,"SYN-PARA-LINE-N500","FB10",2,2,0
119,-0.0206828064746955,-0.0234369777036832,3.67869383352343e-06,0.0323567733284085,0.0337065881320661,0.00134981480365755,"SYN-PARA-LINE-N500","FB10",2,2,0
120,0.0221446947025498,0.0141124396376404,-8.81658288361044e-06,0.0323567733284085,0.0337065881320661,0.00134981480365755,"SYN-PARA-LINE-N500","FB10",2,2,0
121,0.00520359019445027,0.0174463179210063,8.394869772255e-06,0.0323567733284085,0.0337065881320661,0.00134981480365755,"SYN-PARA-LINE-N500","FB10",2,2,0
122,-0.00312641460936203,-0.00461146175481969,3.47881517152513e-07,0.0323567733284085,0.0337065881320661,0.00134981480365755,"SYN-PARA-LINE-N500","FB10",2,2,0
123,-0.0460517387858519,-0.0438765097641944,-5.92202793767682e-06,0.0323567733284085,0.0337065881320661,0.00134981480365755,"SYN-PARA-LINE-N500","FB10",2,2,0
124,0.0399928611510594,0.0385571476306663,-3.41415596002909e-06,0.0323567733284085,0.0337065881320661,0.00134981480365755,"SYN-PARA-LINE-N500","FB10",2,2,0
125,0.00978967402301842,0.016260515578383,5.10318111798554e-06,0.0323567733284085,0.0337065881320661,0.00134981480365755,"SYN-PARA-LINE-N500","FB10",2,2,0
126,0.00534478272670659,0.00351724116056879,-4.90308596355385e-07,0.0323567733284085,0.0337065881320661,0.00134981480365755,"SYN-PARA-LINE-N500","FB10",2,2,0
127,-0.00638498584810987,-0.00553525264635268,-3.06645686737241e-07,0.0323567733284085,0.0337065881320661,0.00134981480365755,"SYN-PARA-LINE-N500","FB10",2,2,0
128,-0.0299329178774321,-0.0246562291598845,-8.72041415708754e-06,0.0323567733284085,0.0337065881320661,0.00134981480365755,"SYN-PARA-LINE-N500","FB10",2,2,0
129,-0.0160303384699853,-0.0230301688992784,8.27741495505284e-06,0.0323567733284085,0.0337065881320661,0.00134981480365755,"SYN-PARA-LINE-N500","FB10",2,2,0
130,0.022988153847418,0.0233890386451115,5.62850906128482e-07,0.0323567733284085,0.0337065881320661,0.00134981480365755,"SYN-PARA-LINE-N500","FB10",2,2,0
131,-0.0344601190315445,-0.0266794412486079,-1.44015444510769e-05,0.0323567733284085,0.0337065881320661,0.00134981480365755,"SYN-PARA-LINE-N500","FB10",2,2,0
132,-0.00139712331782368,-0.000781021812934273,-4.06264066272312e-08,0.0323567733284085,0.0337065881320661,0.00134981480365755,"SYN-PARA-LINE-N500","FB10",2,2,0
133,0.0685048816886509,0.0663838314526739,-8.66155552833055e-06,0.0323567733284085,0.0337065881320661,0.00134981480365755,"SYN-PARA-LINE-N500","FB10",2,2,0
134,-0.0216502765297235,-0.0168264505420834,-5.61900066436569e-06,0.0323567733284085,0.0337065881320661,0.00134981480365755,"SYN-PARA-LINE-N500","FB10",2,2,0
135,-0.00105185015422307,0.0327640553265577,3.2465103469989e-05,0.0323567733284085,0.0337065881320661,0.00134981480365755,"SYN-PARA-LINE-N500","FB10",3,2,1
136,-0.0137044761320218,-0.0125121189506198,-9.46350434723127e-07,0.0323567733284085,0.0337065881320661,0.00134981480365755,"SYN-PARA-LINE-N500","FB10",2,2,0
137,0.0246952131506545,0.0228945071568341,-2.59433043391844e-06,0.0323567733284085,0.0337065881320661,0.00134981480365755,"SYN-PARA-LINE-N500","FB10",2,2,0
138,0.0258883994083444,0.0273799302329426,2.40530768881241e-06,0.0323567733284085,0.0337065881320661,0.00134981480365755,"SYN-PARA-LINE-N500","FB10",2,2,0
139,3.14143651876789e-05,0.00504404984662331,7.70213668527962e-07,0.0323567733284085,0.0337065881320661,0.00134981480365755,"SYN-PARA-LINE-N500","FB10",2,2,0
140,0.0136754078971632,0.00426381166338206,-5.11135635609505e-06,0.0323567733284085,0.0337065881320661,0.00134981480365755,"SYN-PARA-LINE-N500","FB10",2,2,0
141,-0.00217606559684111,0.00348222023734911,2.23742665715549e-07,0.0323567733284085,0.0337065881320661,0.00134981480365755,"SYN-PARA-LINE-N500","FB10",2,2,0
142,0.0669456072773761,0.0710311498220669,1.70657350412151e-05,0.0323567733284085,0.0337065881320661,0.00134981480365755,"SYN-PARA-LINE-N500","FB10",2,2,0
143,-0.0477722076415752,-0.0659598882821621,6.26223974534845e-05,0.0323567733284085,0.0337065881320661,0.00134981480365755,"SYN-PARA-LINE-N500","FB10",3,2,1
144,-0.0286580402807148,-0.0257521152553243,-4.78667234340363e-06,0.0323567733284085,0.0337065881320661,0.00134981480365755,"SYN-PARA-LINE-N500","FB10",2,2,0
145,0.00971399407099981,0.00456151173580529,-2.22678016587264e-06,0.0323567733284085,0.0337065881320661,0.00134981480365755,"SYN-PARA-LINE-N500","FB10",2,2,0
146,-0.012526753531914,-0.0134296134442356,7.09469294150135e-07,0.0323567733284085,0.0337065881320661,0.00134981480365755,"SYN-PARA-LINE-N500","FB10",2,2,0
147,0.101240631700983,0.133575526637359,0.000229862835961695,0.0323567733284085,0.0337065881320661,0.00134981480365755,"SYN-PARA-LINE-N500","FB10",2,2,0
148,0.043123867112222,0.0574287439914796,4.35458532514093e-05,0.0323567733284085,0.0337065881320661,0.00134981480365755,"SYN-PARA-LINE-N500","FB10",2,2,0
149,-0.0681642114471115,-0.0512869006827682,-6.10327266428479e-05,0.0323567733284085,0.0337065881320661,0.00134981480365755,"SYN-PARA-LINE-N500","FB10",2,2,0
150,0.00872198462610055,0.0124002673656261,2.35209390510837e-06,0.0323567733284085,0.0337065881320661,0.00134981480365755,"SYN-PARA-LINE-N500","FB10",2,2,0
151,-0.0170494356155733,-0.0100922572694661,-5.71662094819278e-06,0.0323567733284085,0.0337065881320661,0.00134981480365755,"SYN-PARA-LINE-N500","FB10",2,2,0
152,0.00671665098875339,0.0155398123532621,5.9449704988858e-06,0.0323567733284085,0.0337065881320661,0.00134981480365755,"SYN-PARA-LINE-N500","FB10",2,2,0
153,-0.0532701124212195,-0.0455059739732976,-2.32174443793559e-05,0.0323567733284085,0.0337065881320661,0.00134981480365755,"SYN-PARA-LINE-N500","FB10",2,2,0
154,0.0342680226690582,0.029409160795495,-9.36672406949559e-06,0.0323567733284085,0.0337065881320661,0.00134981480365755,"SYN-PARA-LINE-N500","FB10",2,2,0
155,0.0307598257137434,-0.00276331384464831,-2.8413055399773e-05,0.0323567733284085,0.0337065881320661,0.00134981480365755,"SYN-PARA-LINE-N500","FB10",2,2,0
156,0.0293204720369749,0.0314733507917509,3.96230911343756e-06,0.0323567733284085,0.0337065881320661,0.00134981480365755,"SYN-PARA-LINE-N500","FB10",2,2,0
157,-0.0107100294274326,-0.00702019147551451,-1.98057260597397e-06,0.0323567733284085,0.0337065881320661,0.00134981480365755,"SYN-PARA-LINE-N500","FB10",2,2,0
158,0.0155819428299643,0.0114335471236609,-3.3928319737213e-06,0.0323567733284085,0.0337065881320661,0.00134981480365755,"SYN-PARA-LINE-N500","FB10",2,2,0
159,0.0476897858511703,0.0586190970338727,3.51748030027583e-05,0.0323567733284085,0.0337065881320661,0.00134981480365755,"SYN-PARA-LINE-N500","FB10",2,2,0
160,0.0806550830945414,0.0797493215735468,-4.39844822711089e-06,0.0323567733284085,0.0337065881320661,0.00134981480365755,"SYN-PARA-LINE-N500","FB10",2,2,0
161,0.0376286712946151,0.0369601143698524,-1.50966732734165e-06,0.0323567733284085,0.0337065881320661,0.00134981480365755,"SYN-PARA-LINE-N500","FB10",2,2,0
162,-0.0248223848684177,-0.0136901649746662,-1.29793629644105e-05,0.0323567733284085,0.0337065881320661,0.00134981480365755,"SYN-PARA-LINE-N500","FB10",2,2,0
163,0.0193782935809401,0.0250128035618107,7.57218749948935e-06,0.0323567733284085,0.0337065881320661,0.00134981480365755,"SYN-PARA-LINE-N500","FB10",2,2,0
164,-0.00859493016580853,0.00402194313750964,-1.74671093563062e-06,0.0323567733284085,0.0337065881320661,0.00134981480365755,"SYN-PARA-LINE-N500","FB10",2,2,0
165,0.0184437093698708,0.015718253897957,-2.81871547742311e-06,0.0323567733284085,0.0337065881320661,0.00134981480365755,"SYN-PARA-LINE-N500","FB10",2,2,0
166,0.0385181100737614,0.058933867258524,6.02317491089602e-05,0.0323567733284085,0.0337065881320661,0.00134981480365755,"SYN-PARA-LINE-N500","FB10",2,2,0
167,-0.0249869813620322,-0.0272984450304254,3.65878637782971e-06,0.0323567733284085,0.0337065881320661,0.00134981480365755,"SYN-PARA-LINE-N500","FB10",2,2,0
168,-0.0179735776957728,0.00263484955495523,-9.56981467550237e-06,0.0323567733284085,0.0337065881320661,0.00134981480365755,"SYN-PARA-LINE-N500","FB10",3,2,1
169,-0.0615601624483862,-0.0615166467537002,-1.62140488578356e-07,0.0323567733284085,0.0337065881320661,0.00134981480365755,"SYN-PARA-LINE-N500","FB10",2,2,0
170,-0.00250157119523876,0.00942415895575752,2.49932524635246e-06,0.0323567733284085,0.0337065881320661,0.00134981480365755,"SYN-PARA-LINE-N500","FB10",2,2,0
171,0.0486624667366441,0.0541948048511353,1.72271344169521e-05,0.0323567733284085,0.0337065881320661,0.00134981480365755,"SYN-PARA-LINE-N500","FB10",2,2,0
172,0.00998346359497985,0.000228289564234714,-3.01581472770652e-06,0.0323567733284085,0.0337065881320661,0.00134981480365755,"SYN-PARA-LINE-N500","FB10",2,2,0
173,-0.0379675195567374,-0.0386456138820641,1.57276075215841e-06,0.0323567733284085,0.0337065881320661,0.00134981480365755,"SYN-PARA-LINE-N500","FB10",2,2,0
174,-0.0406575854994941,-0.0404383664893506,-5.38203746482631e-07,0.0323567733284085,0.0337065881320661,0.00134981480365755,"SYN-PARA-LINE-N500","FB10",2,2,0
175,-0.0353055986061235,-0.0290457278401637,-1.21952918612191e-05,0.0323567733284085,0.0337065881320661,0.00134981480365755,"SYN-PARA-LINE-N500","FB10",2,2,0
176,0.00636643041292087,-0.00352951021663162,-8.49911152342842e-07,0.0323567733284085,0.0337065881320661,0.00134981480365755,"SYN-PARA-LINE-N500","FB10",2,2,0
177,0.0233878449209467,0.0260689044681128,4.01422171654616e-06,0.0323567733284085,0.0337065881320661,0.00134981480365755,"SYN-PARA-LINE-N500","FB10",2,2,0
178,0.0520173008948914,0.0515520715875109,-1.45870589569231e-06,0.0323567733284085,0.0337065881320661,0.00134981480365755,"SYN-PARA-LINE-N500","FB10",2,2,0
179,-0.0084599761774318,-0.00404419976561977,-1.67159659931957e-06,0.0323567733284085,0.0337065881320661,0.00134981480365755,"SYN-PARA-LINE-N500","FB10",2,2,0
180,-0.0115513386526695,0.00994667906277664,-1.04436103547097e-06,0.0323567733284085,0.0337065881320661,0.00134981480365755,"SYN-PARA-LINE-N500","FB10",2,2,0
181,0.0112116553852638,0.00674593362082088,-2.4277782507138e-06,0.0323567733284085,0.0337065881320661,0.00134981480365755,"SYN-PARA-LINE-N500","FB10",2,2,0
182,0.00907669124343216,0.00881977867364839,-1.39194493734807e-07,0.0323567733284085,0.0337065881320661,0.00134981480365755,"SYN-PARA-LINE-N500","FB10",2,2,0
183,-0.0604250293965813,-0.067856227683791,2.885967158868e-05,0.0323567733284085,0.0337065881320661,0.00134981480365755,"SYN-PARA-LINE-N500","FB10",2,2,0
184,-0.0419513047423933,-0.0482760185821183,1.72762023589524e-05,0.0323567733284085,0.0337065881320661,0.00134981480365755,"SYN-PARA-LINE-N500","FB10",2,2,0
185,0.0173183122379291,0.0280852637228036,1.47996737920006e-05,0.0323567733284085,0.0337065881320661,0.00134981480365755,"SYN-PARA-LINE-N500","FB10",2,2,0
186,-0.0102975562637693,-0.0097299840488168,-3.44126461747373e-07,0.0323567733284085,0.0337065881320661,0.00134981480365755,"SYN-PARA-LINE-N500","FB10",2,2,0
187,0.0348238815623127,0.0336486459710308,-2.43618700602625e-06,0.0323567733284085,0.0337065881320661,0.00134981480365755,"SYN-PARA-LINE-N500","FB10",2,2,0
188,0.0232055013183325,0.0211295086734335,-2.78639029621574e-06,0.0323567733284085,0.0337065881320661,0.00134981480365755,"SYN-PARA-LINE-N500","FB10",2,2,0
189,0.0398398214456864,0.0400970385969796,6.22467006490484e-07,0.0323567733284085,0.0337065881320661,0.00134981480365755,"SYN-PARA-LINE-N500","FB10",2,2,0
190,0.0254470865424131,0.0317181923915443,1.08528996153016e-05,0.0323567733284085,0.0337065881320661,0.00134981480365755,"SYN-PARA-LINE-N500","FB10",2,2,0
191,-0.0347316454269034,-0.0303607575027937,-8.61329461979982e-06,0.0323567733284085,0.0337065881320661,0.00134981480365755,"SYN-PARA-LINE-N500","FB10",2,2,0
192,-0.0465766230094661,-0.0421015415630605,-1.20139817353147e-05,0.0323567733284085,0.0337065881320661,0.00134981480365755,"SYN-PARA-LINE-N500","FB10",2,2,0
193,0.00655665647107612,-0.00235698820891458,-1.13328628259822e-06,0.0323567733284085,0.0337065881320661,0.00134981480365755,"SYN-PARA-LINE-N500","FB10",2,2,0
194,0.0868252335702746,0.0817743450111448,-2.57806343396706e-05,0.0323567733284085,0.0337065881320661,0.00134981480365755,"SYN-PARA-LINE-N500","FB10",2,2,0
195,0.0160831020690879,0.0169924038916719,9.10508251112922e-07,0.0323567733284085,0.0337065881320661,0.00134981480365755,"SYN-PARA-LINE-N500","FB10",2,2,0
196,-0.0249839300394442,-0.0445350329518845,4.11475398696685e-05,0.0323567733284085,0.0337065881320661,0.00134981480365755,"SYN-PARA-LINE-N500","FB10",2,2,0
197,-0.00505272225577996,-0.00330414099533424,-4.42383013941804e-07,0.0323567733284085,0.0337065881320661,0.00134981480365755,"SYN-PARA-LINE-N500","FB10",2,2,0
198,-0.020593007498637,-0.0218062666234648,1.55733238749871e-06,0.0323567733284085,0.0337065881320661,0.00134981480365755,"SYN-PARA-LINE-N500","FB10",2,2,0
199,0.0208893282425631,0.0307386137439961,1.5394261788549e-05,0.0323567733284085,0.0337065881320661,0.00134981480365755,"SYN-PARA-LINE-N500","FB10",2,2,0
200,0.017623349449413,0.0223364771162287,5.70167063813013e-06,0.0323567733284085,0.0337065881320661,0.00134981480365755,"SYN-PARA-LINE-N500","FB10",2,2,0
201,-0.00436919341747809,-0.00530580749834435,2.74334877603067e-07,0.0323567733284085,0.0337065881320661,0.00134981480365755,"SYN-PARA-LINE-N500","FB10",2,2,0
202,0.0223081251272224,0.019029508158044,-4.10303874821246e-06,0.0323567733284085,0.0337065881320661,0.00134981480365755,"SYN-PARA-LINE-N500","FB10",2,2,0
203,0.0221540511972936,0.0341575139316631,2.04631965009488e-05,0.0323567733284085,0.0337065881320661,0.00134981480365755,"SYN-PARA-LINE-N500","FB10",2,2,0
204,-0.0444556784233029,-0.0170623391788846,-5.1017201927548e-05,0.0323567733284085,0.0337065881320661,0.00134981480365755,"SYN-PARA-LINE-N500","FB10",3,2,1
205,0.00670901563166201,0.012147608083849,3.10470097632756e-06,0.0323567733284085,0.0337065881320661,0.00134981480365755,"SYN-PARA-LINE-N500","FB10",2,2,0
206,0.00424598219855662,0.00585626104738844,4.92479591261251e-07,0.0323567733284085,0.0337065881320661,0.00134981480365755,"SYN-PARA-LINE-N500","FB10",2,2,0
207,-0.0021157843478618,0.00249466653152836,5.28831006552952e-08,0.0323567733284085,0.0337065881320661,0.00134981480365755,"SYN-PARA-LINE-N500","FB10",2,2,0
208,0.016670386820795,0.0150077717818253,-1.59448692089627e-06,0.0323567733284085,0.0337065881320661,0.00134981480365755,"SYN-PARA-LINE-N500","FB10",2,2,0
209,-0.0269546606843805,-0.0316184464478781,8.27001282187815e-06,0.0323567733284085,0.0337065881320661,0.00134981480365755,"SYN-PARA-LINE-N500","FB10",2,2,0
210,0.0215075082574911,0.00511447106890997,-1.32120160852679e-05,0.0323567733284085,0.0337065881320661,0.00134981480365755,"SYN-PARA-LINE-N500","FB10",2,2,0
211,0.00971392955939757,0.00212860871689465,-2.71949384437674e-06,0.0323567733284085,0.0337065881320661,0.00134981480365755,"SYN-PARA-LINE-N500","FB10",2,2,0
212,0.0174279053030508,0.00912834462605351,-6.67253990010707e-06,0.0323567733284085,0.0337065881320661,0.00134981480365755,"SYN-PARA-LINE-N500","FB10",2,2,0
213,-0.0092822025967921,-0.00558094257112451,-1.66544250397e-06,0.0323567733284085,0.0337065881320661,0.00134981480365755,"SYN-PARA-LINE-N500","FB10",2,2,0
214,-0.0323825248000515,-0.0294057382369146,-5.56830494548944e-06,0.0323567733284085,0.0337065881320661,0.00134981480365755,"SYN-PARA-LINE-N500","FB10",2,2,0
215,0.0260001527818101,0.0249513789278448,-1.61773888264954e-06,0.0323567733284085,0.0337065881320661,0.00134981480365755,"SYN-PARA-LINE-N500","FB10",2,2,0
216,0.0288414194832279,0.0281824526945556,-1.13759993727035e-06,0.0323567733284085,0.0337065881320661,0.00134981480365755,"SYN-PARA-LINE-N500","FB10",2,2,0
217,0.0176942666507341,0.0139625109069366,-3.57642599072522e-06,0.0323567733284085,0.0337065881320661,0.00134981480365755,"SYN-PARA-LINE-N500","FB10",2,2,0
218,0.014173859623323,0.0154306163177813,1.12636179880646e-06,0.0323567733284085,0.0337065881320661,0.00134981480365755,"SYN-PARA-LINE-N500","FB10",2,2,0
219,0.0122446698882886,0.0211876458697286,9.05144365100914e-06,0.0323567733284085,0.0337065881320661,0.00134981480365755,"SYN-PARA-LINE-N500","FB10",2,2,0
220,-0.0171493301086527,-0.0110007996447556,-5.23987658287842e-06,0.0323567733284085,0.0337065881320661,0.00134981480365755,"SYN-PARA-LINE-N500","FB10",2,2,0
221,0.0187591342143777,0.0135969111019647,-5.05663415441665e-06,0.0323567733284085,0.0337065881320661,0.00134981480365755,"SYN-PARA-LINE-N500","FB10",2,2,0
222,-0.015453244219174,-0.040292502059424,4.19198458782544e-05,0.0323567733284085,0.0337065881320661,0.00134981480365755,"SYN-PARA-LINE-N500","FB10",2,2,0
223,0.000689353649891894,0.007665600493587,1.76455515384376e-06,0.0323567733284085,0.0337065881320661,0.00134981480365755,"SYN-PARA-LINE-N500","FB10",2,2,0
224,-0.0297560653855348,-0.0488307120008209,4.53811303009685e-05,0.0323567733284085,0.0337065881320661,0.00134981480365755,"SYN-PARA-LINE-N500","FB10",2,2,0
225,-0.0272491969646441,-0.0210996937529878,-9.00110597387582e-06,0.0323567733284085,0.0337065881320661,0.00134981480365755,"SYN-PARA-LINE-N500","FB10",2,2,0
226,0.00301592776693876,-0.00426544540861962,2.75438731465862e-07,0.0323567733284085,0.0337065881320661,0.00134981480365755,"SYN-PARA-LINE-N500","FB10",2,2,0
227,-0.0558054554532132,-0.0574850143877156,5.76047045166327e-06,0.0323567733284085,0.0337065881320661,0.00134981480365755,"SYN-PARA-LINE-N500","FB10",2,2,0
228,-0.0502777759353328,-0.0593752670469884,3.02003277412547e-05,0.0323567733284085,0.0337065881320661,0.00134981480365755,"SYN-PARA-LINE-N500","FB10",2,2,0
229,0.0144005109897106,0.0144369855293463,3.18431998168117e-08,0.0323567733284085,0.0337065881320661,0.00134981480365755,"SYN-PARA-LINE-N500","FB10",2,2,0
230,0.0352388768999051,0.0319759736889004,-6.63955169597701e-06,0.0323567733284085,0.0337065881320661,0.00134981480365755,"SYN-PARA-LINE-N500","FB10",2,2,0
231,-0.0560541079130251,-0.0569632470702156,3.11060474628841e-06,0.0323567733284085,0.0337065881320661,0.00134981480365755,"SYN-PARA-LINE-N500","FB10",2,2,0
232,-0.00136018279492237,0.00287039779640291,1.9342298462407e-07,0.0323567733284085,0.0337065881320661,0.00134981480365755,"SYN-PARA-LINE-N500","FB10",2,2,0
233,0.0225069188341499,0.00425064823315299,-1.47886324342508e-05,0.0323567733284085,0.0337065881320661,0.00134981480365755,"SYN-PARA-LINE-N500","FB10",2,2,0
234,-0.0080974934029215,-0.0118570080533548,2.27112998516878e-06,0.0323567733284085,0.0337065881320661,0.00134981480365755,"SYN-PARA-LINE-N500","FB10",2,2,0
235,0.00498546143609949,0.00509934636172128,3.4769880326236e-08,0.0323567733284085,0.0337065881320661,0.00134981480365755,"SYN-PARA-LINE-N500","FB10",2,2,0
236,-0.000411978923247128,-0.0057654559597667,1.00118295707964e-06,0.0323567733284085,0.0337065881320661,0.00134981480365755,"SYN-PARA-LINE-N500","FB10",2,2,0
237,0.0278127068694541,0.0328799199590284,9.31053056662689e-06,0.0323567733284085,0.0337065881320661,0.00134981480365755,"SYN-PARA-LINE-N500","FB10",2,2,0
238,-0.0231814217704484,-0.0298420625478943,1.06918683520007e-05,0.0323567733284085,0.0337065881320661,0.00134981480365755,"SYN-PARA-LINE-N500","FB10",2,2,0
239,0.0179306834823667,0.0145409619589305,-3.33225052496326e-06,0.0323567733284085,0.0337065881320661,0.00134981480365755,"SYN-PARA-LINE-N500","FB10",2,2,0
240,-0.00202110723679981,-0.0036216942729877,2.7342825871042e-07,0.0323567733284085,0.0337065881320661,0.00134981480365755,"SYN-PARA-LINE-N500","FB10",2,2,0
241,-0.0127490362448612,0.000700047565680769,-4.90583146228552e-06,0.0323567733284085,0.0337065881320661,0.00134981480365755,"SYN-PARA-LINE-N500","FB10",2,2,0
242,0.0415128303423454,0.045118068395696,9.45531701147861e-06,0.0323567733284085,0.0337065881320661,0.00134981480365755,"SYN-PARA-LINE-N500","FB10",2,2,0
243,0.00175967601754502,0.00628206180043398,1.10099879793454e-06,0.0323567733284085,0.0337065881320661,0.00134981480365755,"SYN-PARA-LINE-N500","FB10",2,2,0
244,-0.0335097048165535,-0.0298670447098247,-6.98904663917239e-06,0.0323567733284085,0.0337065881320661,0.00134981480365755,"SYN-PARA-LINE-N500","FB10",2,2,0
245,0.0588372634180633,0.0606320214206226,6.49129715122202e-06,0.0323567733284085,0.0337065881320661,0.00134981480365755,"SYN-PARA-LINE-N500","FB10",2,2,0
246,-0.0263461168205888,-0.0310897139387685,8.24821611396063e-06,0.0323567733284085,0.0337065881320661,0.00134981480365755,"SYN-PARA-LINE-N500","FB10",2,2,0
247,-0.0219394241676591,-0.017915102011194,-4.85556439125294e-06,0.0323567733284085,0.0337065881320661,0.00134981480365755,"SYN-PARA-LINE-N500","FB10",2,2,0
248,-0.0472147370726316,-0.0386992027220725,-2.2148527999181e-05,0.0323567733284085,0.0337065881320661,0.00134981480365755,"SYN-PARA-LINE-N500","FB10",2,2,0
249,0.0206830286694513,0.0298236983173082,1.39764400773546e-05,0.0323567733284085,0.0337065881320661,0.00134981480365755,"SYN-PARA-LINE-N500","FB10",2,2,0
250,0.0751920116314329,0.148193551638083,0.000493692412054582,0.0323567733284085,0.0337065881320661,0.00134981480365755,"SYN-PARA-LINE-N500","FB10",3,2,1
251,-0.0149557161378313,0.00122073619774327,-6.72636824463854e-06,0.0323567733284085,0.0337065881320661,0.00134981480365755,"SYN-PARA-LINE-N500","FB10",2,2,0
252,0.0404308260495024,0.0118031803431132,-4.52697711946649e-05,0.0323567733284085,0.0337065881320661,0.00134981480365755,"SYN-PARA-LINE-N500","FB10",2,2,0
253,0.0376431706099332,0.035476924405328,-4.79527910192534e-06,0.0323567733284085,0.0337065881320661,0.00134981480365755,"SYN-PARA-LINE-N500","FB10",2,2,0
254,0.0231283233636913,0.0177030087003271,-6.70637459779122e-06,0.0323567733284085,0.0337065881320661,0.00134981480365755,"SYN-PARA-LINE-N500","FB10",2,2,0
255,-0.041069312651744,-0.054237385393472,3.79939956093266e-05,0.0323567733284085,0.0337065881320661,0.00134981480365755,"SYN-PARA-LINE-N500","FB10",2,2,0
256,0.0654682467362206,0.0534583601472352,-4.32401570101063e-05,0.0323567733284085,0.0337065881320661,0.00134981480365755,"SYN-PARA-LINE-N500","FB10",2,2,0
257,-0.0682675346720031,-0.0620583628953987,-2.44981746931027e-05,0.0323567733284085,0.0337065881320661,0.00134981480365755,"SYN-PARA-LINE-N500","FB10",2,2,0
258,0.0020181216622945,-0.00161926560479791,-4.39212874691153e-08,0.0323567733284085,0.0337065881320661,0.00134981480365755,"SYN-PARA-LINE-N500","FB10",2,2,0
259,0.0365368787499198,0.0408323989924765,1.00612893848367e-05,0.0323567733284085,0.0337065881320661,0.00134981480365755,"SYN-PARA-LINE-N500","FB10",2,2,0
260,0.0416491322894806,0.0409808490310123,-1.67173549584136e-06,0.0323567733284085,0.0337065881320661,0.00134981480365755,"SYN-PARA-LINE-N500","FB10",2,2,0
261,-0.00570559604929377,0.00370644767351536,-5.69637133359217e-07,0.0323567733284085,0.0337065881320661,0.00134981480365755,"SYN-PARA-LINE-N500","FB10",2,2,0
262,0.029633779905419,0.0244772790094613,-8.44715490121522e-06,0.0323567733284085,0.0337065881320661,0.00134981480365755,"SYN-PARA-LINE-N500","FB10",2,2,0
263,0.0210740537494327,0.0185111734899029,-3.0713604399738e-06,0.0323567733284085,0.0337065881320661,0.00134981480365755,"SYN-PARA-LINE-N500","FB10",2,2,0
264,0.0385771922201111,0.0402826492649692,4.07160850564923e-06,0.0323567733284085,0.0337065881320661,0.00134981480365755,"SYN-PARA-LINE-N500","FB10",2,2,0
265,0.0203186708533716,0.0305635421175125,1.57812654396396e-05,0.0323567733284085,0.0337065881320661,0.00134981480365755,"SYN-PARA-LINE-N500","FB10",2,2,0
266,-0.0176103096848354,-0.0156293207624615,-1.99346016442995e-06,0.0323567733284085,0.0337065881320661,0.00134981480365755,"SYN-PARA-LINE-N500","FB10",2,2,0
267,0.0142933846964547,0.0147556522475361,4.06531755953915e-07,0.0323567733284085,0.0337065881320661,0.00134981480365755,"SYN-PARA-LINE-N500","FB10",2,2,0
268,-0.0326923598735971,-0.0330666848007742,7.45201245131759e-07,0.0323567733284085,0.0337065881320661,0.00134981480365755,"SYN-PARA-LINE-N500","FB10",2,2,0
269,-0.0429862993615033,-0.0598754465115312,5.25933626068313e-05,0.0323567733284085,0.0337065881320661,0.00134981480365755,"SYN-PARA-LINE-N500","FB10",2,2,0
270,-0.00997906246545476,-0.0251989107945336,1.62087851936431e-05,0.0323567733284085,0.0337065881320661,0.00134981480365755,"SYN-PARA-LINE-N500","FB10",2,2,0
271,0.0385761070196758,0.0282955763414612,-2.08126373560126e-05,0.0323567733284085,0.0337065881320661,0.00134981480365755,"SYN-PARA-LINE-N500","FB10",2,2,0
272,0.0452319349350732,0.0437960289333582,-3.87009636848802e-06,0.0323567733284085,0.0337065881320661,0.00134981480365755,"SYN-PARA-LINE-N500","FB10",2,2,0
273,-0.0971264502597162,-0.0919988572675883,-2.93584092626358e-05,0.0323567733284085,0.0337065881320661,0.00134981480365755,"SYN-PARA-LINE-N500","FB10",2,2,0
274,0.0758494264520355,0.0782897864138468,1.13877088694031e-05,0.0323567733284085,0.0337065881320661,0.00134981480365755,"SYN-PARA-LINE-N500","FB10",2,2,0
275,0.0213902953185377,0.0129325169852862,-8.78837321692205e-06,0.0323567733284085,0.0337065881320661,0.00134981480365755,"SYN-PARA-LINE-N500","FB10",2,2,0
276,0.00376352194477002,0.00744422343945509,1.24887272690319e-06,0.0323567733284085,0.0337065881320661,0.00134981480365755,"SYN-PARA-LINE-N500","FB10",2,2,0
277,0.00862318026189994,0.0080023288810097,-3.1248698465198e-07,0.0323567733284085,0.0337065881320661,0.00134981480365755,"SYN-PARA-LINE-N500","FB10",2,2,0
278,0.0281838681619771,0.0245935853473931,-5.73649236560772e-06,0.0323567733284085,0.0337065881320661,0.00134981480365755,"SYN-PARA-LINE-N500","FB10",2,2,0
279,-0.0167443277057163,-0.0181941567073229,1.53352257149407e-06,0.0323567733284085,0.0337065881320661,0.00134981480365755,"SYN-PARA-LINE-N500","FB10",2,2,0
280,0.0155868161585614,0.017298456239717,1.70405347449027e-06,0.0323567733284085,0.0337065881320661,0.00134981480365755,"SYN-PARA-LINE-N500","FB10",2,2,0
281,-0.033626785017419,-0.0384729910429968,1.05780378552444e-05,0.0323567733284085,0.0337065881320661,0.00134981480365755,"SYN-PARA-LINE-N500","FB10",2,2,0
282,-0.0119615705922165,-0.0110625005647987,-6.2667874685102e-07,0.0323567733284085,0.0337065881320661,0.00134981480365755,"SYN-PARA-LINE-N500","FB10",2,2,0
283,0.0361736025281342,0.0339968754034941,-4.62410568539177e-06,0.0323567733284085,0.0337065881320661,0.00134981480365755,"SYN-PARA-LINE-N500","FB10",2,2,0
284,-0.00844108761379277,-0.00244921940447589,-1.97547575448473e-06,0.0323567733284085,0.0337065881320661,0.00134981480365755,"SYN-PARA-LINE-N500","FB10",2,2,0
285,0.0134998612307682,0.0114463756863011,-1.55083652316732e-06,0.0323567733284085,0.0337065881320661,0.00134981480365755,"SYN-PARA-LINE-N500","FB10",2,2,0
286,-0.0331641783130339,-0.0343791647886837,2.48441031683994e-06,0.0323567733284085,0.0337065881320661,0.00134981480365755,"SYN-PARA-LINE-N500","FB10",2,2,0
287,-0.0197895138582843,-0.0188930821497585,-1.04978931931739e-06,0.0323567733284085,0.0337065881320661,0.00134981480365755,"SYN-PARA-LINE-N500","FB10",2,2,0
288,-0.0487431616525951,-0.0486628081375998,-2.36951674305822e-07,0.0323567733284085,0.0337065881320661,0.00134981480365755,"SYN-PARA-LINE-N500","FB10",2,2,0
289,-0.0157682714345049,-0.018767982617666,3.13634623532652e-06,0.0323567733284085,0.0337065881320661,0.00134981480365755,"SYN-PARA-LINE-N500","FB10",2,2,0
290,-0.000551272678371795,-0.00297325559560838,2.58429092379883e-07,0.0323567733284085,0.0337065881320661,0.00134981480365755,"SYN-PARA-LINE-N500","FB10",2,2,0
291,-0.0154762340227917,-0.016047771276146,5.45450398071559e-07,0.0323567733284085,0.0337065881320661,0.00134981480365755,"SYN-PARA-LINE-N500","FB10",2,2,0
292,0.0119310144356056,0.0159052261220307,3.3491215125796e-06,0.0323567733284085,0.0337065881320661,0.00134981480365755,"SYN-PARA-LINE-N500","FB10",2,2,0
293,-0.000928022222521814,0.00157542614702052,4.90662982746123e-08,0.0323567733284085,0.0337065881320661,0.00134981480365755,"SYN-PARA-LINE-N500","FB10",2,2,0
294,-0.0216688419959956,-0.0254266059049693,5.35769208489567e-06,0.0323567733284085,0.0337065881320661,0.00134981480365755,"SYN-PARA-LINE-N500","FB10",2,2,0
295,0.0293331774126606,0.0470641365455076,4.10090440966136e-05,0.0323567733284085,0.0337065881320661,0.00134981480365755,"SYN-PARA-LINE-N500","FB10",2,2,0
296,0.00609172475985365,0.00809536374467482,8.60561829745479e-07,0.0323567733284085,0.0337065881320661,0.00134981480365755,"SYN-PARA-LINE-N500","FB10",2,2,0
297,0.0360921634044882,0.0291119870655238,-1.37787862516005e-05,0.0323567733284085,0.0337065881320661,0.00134981480365755,"SYN-PARA-LINE-N500","FB10",2,2,0
298,0.0180256931874503,0.0232380453000485,6.5113590869183e-06,0.0323567733284085,0.0337065881320661,0.00134981480365755,"SYN-PARA-LINE-N500","FB10",2,2,0
299,0.0288996796622585,0.0433778411872535,3.16800598198902e-05,0.0323567733284085,0.0337065881320661,0.00134981480365755,"SYN-PARA-LINE-N500","FB10",2,2,0
300,0.0294333707928217,0.028620382488328,-1.4288410824441e-06,0.0323567733284085,0.0337065881320661,0.00134981480365755,"SYN-PARA-LINE-N500","FB10",2,2,0
301,0.010878661906819,0.0131968129530101,1.68960785524826e-06,0.0323567733284085,0.0337065881320661,0.00134981480365755,"SYN-PARA-LINE-N500","FB10",2,2,0
302,-0.0116059310209807,-0.0150130895414904,2.74570414559686e-06,0.0323567733284085,0.0337065881320661,0.00134981480365755,"SYN-PARA-LINE-N500","FB10",2,2,0
303,-0.0176272956024707,-0.020125208739446,2.85491002772575e-06,0.0323567733284085,0.0337065881320661,0.00134981480365755,"SYN-PARA-LINE-N500","FB10",2,2,0
304,-0.0483020614827046,-0.0544068410590442,1.89822375575082e-05,0.0323567733284085,0.0337065881320661,0.00134981480365755,"SYN-PARA-LINE-N500","FB10",2,2,0
305,0.0534466232018346,0.0684351902241288,5.530550335156e-05,0.0323567733284085,0.0337065881320661,0.00134981480365755,"SYN-PARA-LINE-N500","FB10",2,2,0
306,0.00553137305774731,0.000898405468652382,-9.01829845146189e-07,0.0323567733284085,0.0337065881320661,0.00134981480365755,"SYN-PARA-LINE-N500","FB10",2,2,0
307,0.0171325741933916,0.00785183224417538,-7.0197405574079e-06,0.0323567733284085,0.0337065881320661,0.00134981480365755,"SYN-PARA-LINE-N500","FB10",2,2,0
308,0.00230112671448182,0.0120731775732786,4.25247609127049e-06,0.0323567733284085,0.0337065881320661,0.00134981480365755,"SYN-PARA-LINE-N500","FB10",2,2,0
309,0.0263109374845156,0.0305680478169322,7.3305417911268e-06,0.0323567733284085,0.0337065881320661,0.00134981480365755,"SYN-PARA-LINE-N500","FB10",2,2,0
310,-0.00954572788506734,-0.00573797376180127,-1.76184125899955e-06,0.0323567733284085,0.0337065881320661,0.00134981480365755,"SYN-PARA-LINE-N500","FB10",2,2,0
311,0.0209530325416048,0.0183123541708303,-3.13902457033346e-06,0.0323567733284085,0.0337065881320661,0.00134981480365755,"SYN-PARA-LINE-N500","FB10",2,2,0
312,0.0515533076280124,0.0508204654879253,-2.27126847076826e-06,0.0323567733284085,0.0337065881320661,0.00134981480365755,"SYN-PARA-LINE-N500","FB10",2,2,0
313,-0.00462947418135153,0.00758511036983788,1.09294675077717e-06,0.0323567733284085,0.0337065881320661,0.00134981480365755,"SYN-PARA-LINE-N500","FB10",2,2,0
314,-0.0251266581276125,-0.0127017051091695,-1.42292376770087e-05,0.0323567733284085,0.0337065881320661,0.00134981480365755,"SYN-PARA-LINE-N500","FB10",2,2,0
315,0.00200860665634366,0.0044784610666488,4.85052908946119e-07,0.0323567733284085,0.0337065881320661,0.00134981480365755,"SYN-PARA-LINE-N500","FB10",2,2,0
316,0.0384216859647279,0.0363549802667304,-4.67858004077703e-06,0.0323567733284085,0.0337065881320661,0.00134981480365755,"SYN-PARA-LINE-N500","FB10",2,2,0
317,-0.0575235773606335,-0.0644258487328679,2.54824463659542e-05,0.0323567733284085,0.0337065881320661,0.00134981480365755,"SYN-PARA-LINE-N500","FB10",2,2,0
318,-0.0698608587059065,-0.0720905123198879,9.5817827134525e-06,0.0323567733284085,0.0337065881320661,0.00134981480365755,"SYN-PARA-LINE-N500","FB10",2,2,0
319,0.0676865641590959,0.0661675174308849,-6.15562394046818e-06,0.0323567733284085,0.0337065881320661,0.00134981480365755,"SYN-PARA-LINE-N500","FB10",2,2,0
320,-0.00224856307460328,0.000910262244917061,-1.27981938929255e-07,0.0323567733284085,0.0337065881320661,0.00134981480365755,"SYN-PARA-LINE-N500","FB10",2,2,0
321,0.01384367444531,0.0240746059189201,1.17444622685655e-05,0.0323567733284085,0.0337065881320661,0.00134981480365755,"SYN-PARA-LINE-N500","FB10",2,2,0
322,0.0575455166059521,0.057480362965872,-2.26883845806369e-07,0.0323567733284085,0.0337065881320661,0.00134981480365755,"SYN-PARA-LINE-N500","FB10",2,2,0
323,-0.00107173911685657,0.0125834549667228,4.75890753028028e-06,0.0323567733284085,0.0337065881320661,0.00134981480365755,"SYN-PARA-LINE-N500","FB10",2,2,0
324,0.0103194626219977,0.0124506805567214,1.46913921562247e-06,0.0323567733284085,0.0337065881320661,0.00134981480365755,"SYN-PARA-LINE-N500","FB10",2,2,0
325,0.00597911543038217,0.012105021534474,3.3538022459401e-06,0.0323567733284085,0.0337065881320661,0.00134981480365755,"SYN-PARA-LINE-N500","FB10",2,2,0
326,0.0148047555097293,0.0257698367761082,1.34689998186236e-05,0.0323567733284085,0.0337065881320661,0.00134981480365755,"SYN-PARA-LINE-N500","FB10",2,2,0
327,-0.0180958714910952,-0.0156399538579881,-2.50827104496662e-06,0.0323567733284085,0.0337065881320661,0.00134981480365755,"SYN-PARA-LINE-N500","FB10",2,2,0
328,0.0387561143952014,0.0377770952726114,-2.26835190100972e-06,0.0323567733284085,0.0337065881320661,0.00134981480365755,"SYN-PARA-LINE-N500","FB10",2,2,0
329,-0.0196796577148682,-0.0198387983958587,1.9039279498108e-07,0.0323567733284085,0.0337065881320661,0.00134981480365755,"SYN-PARA-LINE-N500","FB10",2,2,0
330,0.0277213136605625,0.0253312823017472,-3.83865928748829e-06,0.0323567733284085,0.0337065881320661,0.00134981480365755,"SYN-PARA-LINE-N500","FB10",2,2,0
331,-0.0485858357727235,-0.0537773824311692,1.60882949842662e-05,0.0323567733284085,0.0337065881320661,0.00134981480365755,"SYN-PARA-LINE-N500","FB10",2,2,0
332,0.00758460543153583,0.00306189361966325,-1.45772319026657e-06,0.0323567733284085,0.0337065881320661,0.00134981480365755,"SYN-PARA-LINE-N500","FB10",2,2,0
333,0.0101741144551971,-0.000810872658580014,-3.11383157638912e-06,0.0323567733284085,0.0337065881320661,0.00134981480365755,"SYN-PARA-LINE-N500","FB10",2,2,0
334,-0.00162090397599519,-0.00502295530682992,6.84274908673454e-07,0.0323567733284085,0.0337065881320661,0.00134981480365755,"SYN-PARA-LINE-N500","FB10",2,2,0
335,0.00497733109065058,0.0152767427833765,6.31530217875147e-06,0.0323567733284085,0.0337065881320661,0.00134981480365755,"SYN-PARA-LINE-N500","FB10",2,2,0
336,0.0291108403096654,0.03120658935041,3.82693803511386e-06,0.0323567733284085,0.0337065881320661,0.00134981480365755,"SYN-PARA-LINE-N500","FB10",2,2,0
337,-0.020456633387049,-0.0136192107122602,-7.05356021723423e-06,0.0323567733284085,0.0337065881320661,0.00134981480365755,"SYN-PARA-LINE-N500","FB10",2,2,0
338,0.121989850029828,0.083174552208085,-0.000241087259238209,0.0323567733284085,0.0337065881320661,0.00134981480365755,"SYN-PARA-LINE-N500","FB10",2,2,0
339,-0.056683401060013,-0.043892389883911,-3.89464307467528e-05,0.0323567733284085,0.0337065881320661,0.00134981480365755,"SYN-PARA-LINE-N500","FB10",2,2,0
340,0.0045898902812076,0.00413418568195406,-1.20357228356555e-07,0.0323567733284085,0.0337065881320661,0.00134981480365755,"SYN-PARA-LINE-N500","FB10",2,2,0
341,0.0438919479716583,0.0453848076034497,4.03484356560103e-06,0.0323567733284085,0.0337065881320661,0.00134981480365755,"SYN-PARA-LINE-N500","FB10",2,2,0
342,-0.0130425495873344,-0.0147163678022013,1.40663086238471e-06,0.0323567733284085,0.0337065881320661,0.00134981480365755,"SYN-PARA-LINE-N500","FB10",2,2,0
343,0.0286592152778586,-0.011419871222605,-2.09174085704114e-05,0.0323567733284085,0.0337065881320661,0.00134981480365755,"SYN-PARA-LINE-N500","FB10",3,2,1
344,0.00431494025905713,-0.0167490792640311,7.92914380871357e-06,0.0323567733284085,0.0337065881320661,0.00134981480365755,"SYN-PARA-LINE-N500","FB10",2,2,0
345,0.0108698390477655,-7.01806136934116e-06,-3.57697062514244e-06,0.0323567733284085,0.0337065881320661,0.00134981480365755,"SYN-PARA-LINE-N500","FB10",2,2,0
346,0.0642534326750628,0.0620138209449104,-8.56116358870435e-06,0.0323567733284085,0.0337065881320661,0.00134981480365755,"SYN-PARA-LINE-N500","FB10",2,2,0
347,0.0256457385441994,0.0303053793236056,7.89278973114818e-06,0.0323567733284085,0.0337065881320661,0.00134981480365755,"SYN-PARA-LINE-N500","FB10",2,2,0
348,0.0375626159200419,0.0421187272647941,1.09905721908118e-05,0.0323567733284085,0.0337065881320661,0.00134981480365755,"SYN-PARA-LINE-N500","FB10",2,2,0
349,-0.00938217517880947,-0.00521622637408943,-1.84114741229171e-06,0.0323567733284085,0.0337065881320661,0.00134981480365755,"SYN-PARA-LINE-N500","FB10",2,2,0
350,-0.0117749855366715,0.000802121546172582,-4.17801584306474e-06,0.0323567733284085,0.0337065881320661,0.00134981480365755,"SYN-PARA-LINE-N500","FB10",2,2,0
351,0.0314170682750548,0.0350169274592225,7.24011083898834e-06,0.0323567733284085,0.0337065881320661,0.00134981480365755,"SYN-PARA-LINE-N500","FB10",2,2,0
352,-0.0161032267665527,-0.0140996745637365,-1.83197125165807e-06,0.0323567733284085,0.0337065881320661,0.00134981480365755,"SYN-PARA-LINE-N500","FB10",2,2,0
353,-0.00828839865301562,-0.0312774818807453,2.75366950897052e-05,0.0323567733284085,0.0337065881320661,0.00134981480365755,"SYN-PARA-LINE-N500","FB10",2,2,0
354,0.0139824448542067,0.00955579651455568,-3.15441160636907e-06,0.0323567733284085,0.0337065881320661,0.00134981480365755,"SYN-PARA-LINE-N500","FB10",2,2,0
355,0.024200958323676,0.0320385042262088,1.33441399142915e-05,0.0323567733284085,0.0337065881320661,0.00134981480365755,"SYN-PARA-LINE-N500","FB10",2,2,0
356,0.00363000285501203,0.0103643408652373,2.8530985635606e-06,0.0323567733284085,0.0337065881320661,0.00134981480365755,"SYN-PARA-LINE-N500","FB10",2,2,0
357,0.0215170806994771,-0.0504777549721302,6.31217951707183e-05,0.0323567733284085,0.0337065881320661,0.00134981480365755,"SYN-PARA-LINE-N500","FB10",3,2,1
358,-0.00166700427834701,-0.00547062595702464,8.21903230397609e-07,0.0323567733284085,0.0337065881320661,0.00134981480365755,"SYN-PARA-LINE-N500","FB10",2,2,0
359,-0.0696467511249846,-0.0766842080076465,3.11760646969371e-05,0.0323567733284085,0.0337065881320661,0.00134981480365755,"SYN-PARA-LINE-N500","FB10",2,2,0
360,0.0290286303269722,0.0243205478517734,-7.60398276130355e-06,0.0323567733284085,0.0337065881320661,0.00134981480365755,"SYN-PARA-LINE-N500","FB10",2,2,0
361,-0.0472832039112464,-0.0533393123630671,1.84483761583016e-05,0.0323567733284085,0.0337065881320661,0.00134981480365755,"SYN-PARA-LINE-N500","FB10",2,2,0
362,-0.021339078739697,-0.0220506549797501,9.34711855237954e-07,0.0323567733284085,0.0337065881320661,0.00134981480365755,"SYN-PARA-LINE-N500","FB10",2,2,0
363,0.0284458498940014,0.0268863894467958,-2.61229331356117e-06,0.0323567733284085,0.0337065881320661,0.00134981480365755,"SYN-PARA-LINE-N500","FB10",2,2,0
364,0.0326863526634014,0.0295473711396638,-5.91403479485643e-06,0.0323567733284085,0.0337065881320661,0.00134981480365755,"SYN-PARA-LINE-N500","FB10",2,2,0
365,-0.0219380288605266,-0.0224033733032697,6.24673786625442e-07,0.0323567733284085,0.0337065881320661,0.00134981480365755,"SYN-PARA-LINE-N500","FB10",2,2,0
366,-0.0272332710009358,-0.0211846979352591,-8.86602244657059e-06,0.0323567733284085,0.0337065881320661,0.00134981480365755,"SYN-PARA-LINE-N500","FB10",2,2,0
367,0.0191185821348507,0.0220814613083923,3.69556583160026e-06,0.0323567733284085,0.0337065881320661,0.00134981480365755,"SYN-PARA-LINE-N500","FB10",2,2,0
368,0.0364730746544247,0.0340195232240597,-5.23610093496026e-06,0.0323567733284085,0.0337065881320661,0.00134981480365755,"SYN-PARA-LINE-N500","FB10",2,2,0
369,0.0275643441066628,0.0342996857859084,1.26144165168109e-05,0.0323567733284085,0.0337065881320661,0.00134981480365755,"SYN-PARA-LINE-N500","FB10",2,2,0
370,-0.0615546431028533,-0.0580375530423742,-1.27337306208646e-05,0.0323567733284085,0.0337065881320661,0.00134981480365755,"SYN-PARA-LINE-N500","FB10",2,2,0
371,-0.00145324073838949,-0.0109957113953794,3.59635833904198e-06,0.0323567733284085,0.0337065881320661,0.00134981480365755,"SYN-PARA-LINE-N500","FB10",2,2,0
372,-0.081173965956922,0.0641575054428077,-7.48683442640511e-05,0.0323567733284085,0.0337065881320661,0.00134981480365755,"SYN-PARA-LINE-N500","FB10",3,2,1
373,-0.00116285292178621,0.00118091110924214,1.28131930586341e-09,0.0323567733284085,0.0337065881320661,0.00134981480365755,"SYN-PARA-LINE-N500","FB10",2,2,0
374,0.0156339926450132,0.0290420104502061,1.81346099175998e-05,0.0323567733284085,0.0337065881320661,0.00134981480365755,"SYN-PARA-LINE-N500","FB10",2,2,0
375,-0.00381734694846023,-0.00536590314677689,4.30519384460318e-07,0.0323567733284085,0.0337065881320661,0.00134981480365755,"SYN-PARA-LINE-N500","FB10",2,2,0
376,-0.0920125227083016,-0.0824539990005674,-5.04861498747047e-05,0.0323567733284085,0.0337065881320661,0.00134981480365755,"SYN-PARA-LINE-N500","FB10",3,2,1
377,0.00358156221088357,0.00825925070898537,1.67680339537625e-06,0.0323567733284085,0.0337065881320661,0.00134981480365755,"SYN-PARA-LINE-N500","FB10",2,2,0
378,-0.0263670036972248,-0.0302397765747354,6.63681648871622e-06,0.0323567733284085,0.0337065881320661,0.00134981480365755,"SYN-PARA-LINE-N500","FB10",3,2,1
379,0.0290473094438075,0.0324322956733689,6.30024304303754e-06,0.0323567733284085,0.0337065881320661,0.00134981480365755,"SYN-PARA-LINE-N500","FB10",1,2,-1
380,0.0104869370520244,0.0138634008541509,2.48906603273407e-06,0.0323567733284085,0.0337065881320661,0.00134981480365755,"SYN-PARA-LINE-N500","FB10",2,2,0
381,-0.00869786960233919,-0.0117157399171939,1.86504667113837e-06,0.0323567733284085,0.0337065881320661,0.00134981480365755,"SYN-PARA-LINE-N500","FB10",2,2,0
382,-0.00453254620694588,0.00634577727606531,5.97151391732577e-07,0.0323567733284085,0.0337065881320661,0.00134981480365755,"SYN-PARA-LINE-N500","FB10",2,2,0
383,0.000615460139958099,0.00121730881169478,3.33936855396759e-08,0.0323567733284085,0.0337065881320661,0.00134981480365755,"SYN-PARA-LINE-N500","FB10",2,2,0
384,0.0287614281321247,0.0323283201006722,6.59671344342717e-06,0.0323567733284085,0.0337065881320661,0.00134981480365755,"SYN-PARA-LINE-N500","FB10",1,2,-1
385,0.0196471351638912,0.0232050983878238,4.6157709105248e-06,0.0323567733284085,0.0337065881320661,0.00134981480365755,"SYN-PARA-LINE-N500","FB10",2,2,0
386,0.0439615666248725,0.0502662715890864,1.7985119322459e-05,0.0323567733284085,0.0337065881320661,0.00134981480365755,"SYN-PARA-LINE-N500","FB10",1,2,-1
387,-0.0982946529893785,-0.0845483019509292,-7.60912974439125e-05,0.0323567733284085,0.0337065881320661,0.00134981480365755,"SYN-PARA-LINE-N500","FB10",3,2,1
388,0.0127280681617983,0.0132430974542063,4.049418847155e-07,0.0323567733284085,0.0337065881320661,0.00134981480365755,"SYN-PARA-LINE-N500","FB10",2,2,0
389,0.0213158192997762,0.0222315210339789,1.20721604780563e-06,0.0323567733284085,0.0337065881320661,0.00134981480365755,"SYN-PARA-LINE-N500","FB10",2,2,0
390,-0.0344204538998914,-0.026321422656214,-1.48932886596097e-05,0.0323567733284085,0.0337065881320661,0.00134981480365755,"SYN-PARA-LINE-N500","FB10",2,2,0
391,0.0206913932506416,0.0177544561326197,-3.41832566770423e-06,0.0323567733284085,0.0337065881320661,0.00134981480365755,"SYN-PARA-LINE-N500","FB10",1,2,-1
392,0.01951636284864,0.0149661743496621,-4.7500472487815e-06,0.0323567733284085,0.0337065881320661,0.00134981480365755,"SYN-PARA-LINE-N500","FB10",2,2,0
393,-0.00646634317093575,-0.00497927417131588,-5.15275709709602e-07,0.0323567733284085,0.0337065881320661,0.00134981480365755,"SYN-PARA-LINE-N500","FB10",2,2,0
394,-0.0997370436653877,-0.0858917881148683,-7.78064741703969e-05,0.0323567733284085,0.0337065881320661,0.00134981480365755,"SYN-PARA-LINE-N500","FB10",3,2,1
395,-0.0284068447484973,-0.0331521062825279,8.84342897318561e-06,0.0323567733284085,0.0337065881320661,0.00134981480365755,"SYN-PARA-LINE-N500","FB10",2,2,0
396,-0.0500057448797275,-0.055488976221103,1.75120353642866e-05,0.0323567733284085,0.0337065881320661,0.00134981480365755,"SYN-PARA-LINE-N500","FB10",2,2,0
397,0.00120448783799468,-0.00476421909269871,6.43230745201175e-07,0.0323567733284085,0.0337065881320661,0.00134981480365755,"SYN-PARA-LINE-N500","FB10",2,2,0
398,0.0152322702803637,0.0163508952932838,1.06957073381794e-06,0.0323567733284085,0.0337065881320661,0.00134981480365755,"SYN-PARA-LINE-N500","FB10",2,2,0
399,0.0105505679112278,0.0115599388571504,6.75645399756992e-07,0.0323567733284085,0.0337065881320661,0.00134981480365755,"SYN-PARA-LINE-N500","FB10",2,2,0
400,0.0426507912913588,0.0419873457121906,-1.69996792723387e-06,0.0323567733284085,0.0337065881320661,0.00134981480365755,"SYN-PARA-LINE-N500","FB10",1,2,-1
401,-0.0164181406963381,-0.0141083516195114,-2.1346100757277e-06,0.0323567733284085,0.0337065881320661,0.00134981480365755,"SYN-PARA-LINE-N500","FB10",3,2,1
402,0.0206574013588763,0.0133742057692612,-7.50367058120283e-06,0.0323567733284085,0.0337065881320661,0.00134981480365755,"SYN-PARA-LINE-N500","FB10",2,2,0
403,0.00034395163491999,-0.00288414723304679,2.48246603062526e-07,0.0323567733284085,0.0337065881320661,0.00134981480365755,"SYN-PARA-LINE-N500","FB10",2,2,0
404,-0.0282808868605112,-0.0189492144767038,-1.33428218785568e-05,0.0323567733284085,0.0337065881320661,0.00134981480365755,"SYN-PARA-LINE-N500","FB10",1,2,-1
405,0.0198404257482675,0.0167373620814482,-3.43619222267165e-06,0.0323567733284085,0.0337065881320661,0.00134981480365755,"SYN-PARA-LINE-N500","FB10",2,2,0
406,-0.00388722286377285,-0.0105845693561669,2.93423176538956e-06,0.0323567733284085,0.0337065881320661,0.00134981480365755,"SYN-PARA-LINE-N500","FB10",3,2,1
407,0.00346308993588305,0.00227924524673105,-2.05803424439298e-07,0.0323567733284085,0.0337065881320661,0.00134981480365755,"SYN-PARA-LINE-N500","FB10",3,2,1
408,-0.00630534707855697,-0.0127931854268515,3.75119245661977e-06,0.0323567733284085,0.0337065881320661,0.00134981480365755,"SYN-PARA-LINE-N500","FB10",3,2,1
409,0.0296607015903398,0.0399132508842701,2.15947345563478e-05,0.0323567733284085,0.0337065881320661,0.00134981480365755,"SYN-PARA-LINE-N500","FB10",2,2,0
410,0.00577420726177005,0.00845535520465053,1.15499911877051e-06,0.0323567733284085,0.0337065881320661,0.00134981480365755,"SYN-PARA-LINE-N500","FB10",2,2,0
411,-0.0500803317229712,-0.0555592462864557,1.75222758769999e-05,0.0323567733284085,0.0337065881320661,0.00134981480365755,"SYN-PARA-LINE-N500","FB10",2,2,0
412,0.0279544185807104,0.0315107993448628,6.40236743911875e-06,0.0323567733284085,0.0337065881320661,0.00134981480365755,"SYN-PARA-LINE-N500","FB10",1,2,-1
413,0.0253580741236486,0.0223789530569418,-4.30539349472062e-06,0.0323567733284085,0.0337065881320661,0.00134981480365755,"SYN-PARA-LINE-N500","FB10",2,2,0
414,-0.0034004465173344,-0.00257786056156029,-1.48877421120811e-07,0.0323567733284085,0.0337065881320661,0.00134981480365755,"SYN-PARA-LINE-N500","FB10",1,2,-1
415,0.00400748529277954,0.0120698206984669,3.92413072710046e-06,0.0323567733284085,0.0337065881320661,0.00134981480365755,"SYN-PARA-LINE-N500","FB10",3,2,1
416,-0.0173680583870347,-0.0185931213206518,1.33371076902857e-06,0.0323567733284085,0.0337065881320661,0.00134981480365755,"SYN-PARA-LINE-N500","FB10",2,2,0
417,0.00348840902004123,0.000658626443385837,-3.55271316498149e-07,0.0323567733284085,0.0337065881320661,0.00134981480365755,"SYN-PARA-LINE-N500","FB10",2,2,0
418,-0.0410976224738632,-0.039115177198211,-4.8140900566155e-06,0.0323567733284085,0.0337065881320661,0.00134981480365755,"SYN-PARA-LINE-N500","FB10",2,2,0
419,0.0289842077390742,0.0341323085691178,9.83692572743415e-06,0.0323567733284085,0.0337065881320661,0.00134981480365755,"SYN-PARA-LINE-N500","FB10",1,2,-1
420,0.00857366002278603,0.00566930957029399,-1.25233031647176e-06,0.0323567733284085,0.0337065881320661,0.00134981480365755,"SYN-PARA-LINE-N500","FB10",1,2,-1
421,0.00348200286113026,0.00510546819450726,4.22063341979563e-07,0.0323567733284085,0.0337065881320661,0.00134981480365755,"SYN-PARA-LINE-N500","FB10",3,2,1
422,-0.0122362318250512,-0.0119643976303392,-1.99159064089254e-07,0.0323567733284085,0.0337065881320661,0.00134981480365755,"SYN-PARA-LINE-N500","FB10",2,2,0
423,0.0306416272732031,0.0288503183995161,-3.22624970454179e-06,0.0323567733284085,0.0337065881320661,0.00134981480365755,"SYN-PARA-LINE-N500","FB10",1,2,-1
424,-0.0948936181773379,-0.0833185226648936,-6.24498210845712e-05,0.0323567733284085,0.0337065881320661,0.00134981480365755,"SYN-PARA-LINE-N500","FB10",3,2,1
425,-0.0306818171797077,-0.0203575098654349,-1.59527364602238e-05,0.0323567733284085,0.0337065881320661,0.00134981480365755,"SYN-PARA-LINE-N500","FB10",3,2,1
426,0.0317845572879361,0.0319552406448044,3.29360251635924e-07,0.0323567733284085,0.0337065881320661,0.00134981480365755,"SYN-PARA-LINE-N500","FB10",1,2,-1
427,-0.0069585593765436,-0.00566533325686455,-4.94239085769647e-07,0.0323567733284085,0.0337065881320661,0.00134981480365755,"SYN-PARA-LINE-N500","FB10",2,2,0
428,-0.00240414142415801,-0.0029922072386262,9.60716530730316e-08,0.0323567733284085,0.0337065881320661,0.00134981480365755,"SYN-PARA-LINE-N500","FB10",1,2,-1
429,0.0281381290047696,0.0281963283211317,9.92570414678319e-08,0.0323567733284085,0.0337065881320661,0.00134981480365755,"SYN-PARA-LINE-N500","FB10",2,2,0
430,0.00366755515672847,0.0118387752714738,3.83588228935706e-06,0.0323567733284085,0.0337065881320661,0.00134981480365755,"SYN-PARA-LINE-N500","FB10",3,2,1
431,0.00930574072290959,0.00789848396261339,-7.32955785449764e-07,0.0323567733284085,0.0337065881320661,0.00134981480365755,"SYN-PARA-LINE-N500","FB10",2,2,0
432,-0.0109843273246196,-0.00543070960657013,-2.75986077390365e-06,0.0323567733284085,0.0337065881320661,0.00134981480365755,"SYN-PARA-LINE-N500","FB10",1,2,-1
433,0.0280245636322859,0.0435302378611512,3.35891307054416e-05,0.0323567733284085,0.0337065881320661,0.00134981480365755,"SYN-PARA-LINE-N500","FB10",1,2,-1
434,0.018804247529468,0.0162345876021837,-2.72580409310223e-06,0.0323567733284085,0.0337065881320661,0.00134981480365755,"SYN-PARA-LINE-N500","FB10",1,2,-1
435,0.0317449878454769,0.029991220539785,-3.2777909403909e-06,0.0323567733284085,0.0337065881320661,0.00134981480365755,"SYN-PARA-LINE-N500","FB10",1,2,-1
436,-0.00492614371216301,-0.0118381950545353,3.50802525680346e-06,0.0323567733284085,0.0337065881320661,0.00134981480365755,"SYN-PARA-LINE-N500","FB10",3,2,1
437,-0.00269808305040229,-0.00505199197248969,5.52287087424301e-07,0.0323567733284085,0.0337065881320661,0.00134981480365755,"SYN-PARA-LINE-N500","FB10",3,2,1
438,-0.00724762867493056,-0.00607014953912802,-4.74738361343652e-07,0.0323567733284085,0.0337065881320661,0.00134981480365755,"SYN-PARA-LINE-N500","FB10",2,2,0
439,-0.00662018799869469,-0.0051932466013995,-5.10330643262808e-07,0.0323567733284085,0.0337065881320661,0.00134981480365755,"SYN-PARA-LINE-N500","FB10",2,2,0
440,0.041977145539311,0.0394022143232292,-6.34379630168159e-06,0.0323567733284085,0.0337065881320661,0.00134981480365755,"SYN-PARA-LINE-N500","FB10",1,2,-1
441,-0.0118418556362898,-0.0137558028593217,1.48319935016043e-06,0.0323567733284085,0.0337065881320661,0.00134981480365755,"SYN-PARA-LINE-N500","FB10",2,2,0
442,0.0392598296797927,0.0367801058115313,-5.70839990004776e-06,0.0323567733284085,0.0337065881320661,0.00134981480365755,"SYN-PARA-LINE-N500","FB10",2,2,0
443,0.00926044957725269,-0.00814410368795142,-5.88208079734492e-07,0.0323567733284085,0.0337065881320661,0.00134981480365755,"SYN-PARA-LINE-N500","FB10",2,2,0
444,-0.0135564415719268,-0.0189491937012093,5.30686994901893e-06,0.0323567733284085,0.0337065881320661,0.00134981480365755,"SYN-PARA-LINE-N500","FB10",1,2,-1
445,-0.0174951184967683,-0.0149492081249319,-2.5006401680863e-06,0.0323567733284085,0.0337065881320661,0.00134981480365755,"SYN-PARA-LINE-N500","FB10",2,2,0
446,-0.0250808742187408,-0.0297703808640827,7.78723091074143e-06,0.0323567733284085,0.0337065881320661,0.00134981480365755,"SYN-PARA-LINE-N500","FB10",2,2,0
447,0.0348338154316239,0.0171288611659381,-2.78519528023982e-05,0.0323567733284085,0.0337065881320661,0.00134981480365755,"SYN-PARA-LINE-N500","FB10",1,2,-1
448,0.0456314036887824,0.0423155642576715,-8.82843433081975e-06,0.0323567733284085,0.0337065881320661,0.00134981480365755,"SYN-PARA-LINE-N500","FB10",1,2,-1
449,-0.00382109480751247,-0.00358867932496587,-5.21361975076493e-08,0.0323567733284085,0.0337065881320661,0.00134981480365755,"SYN-PARA-LINE-N500","FB10",1,2,-1
450,0.00306252673127375,-0.004661004095525,3.7375903756036e-07,0.0323567733284085,0.0337065881320661,0.00134981480365755,"SYN-PARA-LINE-N500","FB10",1,2,-1
451,-0.021032413801886,-0.0221655629911453,1.48190316988192e-06,0.0323567733284085,0.0337065881320661,0.00134981480365755,"SYN-PARA-LINE-N500","FB10",2,2,0
452,0.0071003125404631,0.007227301754621,5.50820436583085e-08,0.0323567733284085,0.0337065881320661,0.00134981480365755,"SYN-PARA-LINE-N500","FB10",2,2,0
453,0.00789424320270339,0.00488655844573765,-1.16375011655493e-06,0.0323567733284085,0.0337065881320661,0.00134981480365755,"SYN-PARA-LINE-N500","FB10",2,2,0
454,-0.0115668061011221,-0.0140694013191869,1.94228839347713e-06,0.0323567733284085,0.0337065881320661,0.00134981480365755,"SYN-PARA-LINE-N500","FB10",3,2,1
455,-0.0129107012407191,-0.0240894213600277,1.25217368838041e-05,0.0323567733284085,0.0337065881320661,0.00134981480365755,"SYN-PARA-LINE-N500","FB10",3,2,1
456,0.0314991495138398,0.0246868385174757,-1.15875552089886e-05,0.0323567733284085,0.0337065881320661,0.00134981480365755,"SYN-PARA-LINE-N500","FB10",2,2,0
457,-0.0432651752666469,-0.0412701795335575,-5.10563399721972e-06,0.0323567733284085,0.0337065881320661,0.00134981480365755,"SYN-PARA-LINE-N500","FB10",2,2,0
458,-0.0189257533553772,-0.0311727589292157,1.85747968503696e-05,0.0323567733284085,0.0337065881320661,0.00134981480365755,"SYN-PARA-LINE-N500","FB10",3,2,1
459,0.00478858169691787,0.00606553282045236,4.19602436858147e-07,0.0323567733284085,0.0337065881320661,0.00134981480365755,"SYN-PARA-LINE-N500","FB10",1,2,-1
460,0.0216362187227154,0.0151378952677557,-7.2345724527692e-06,0.0323567733284085,0.0337065881320661,0.00134981480365755,"SYN-PARA-LINE-N500","FB10",1,2,-1
461,-0.000143538139666277,-0.00764177415826407,1.76727637824787e-06,0.0323567733284085,0.0337065881320661,0.00134981480365755,"SYN-PARA-LINE-N500","FB10",2,2,0
462,-0.0299506737586087,-0.0199550366665988,-1.51018464456357e-05,0.0323567733284085,0.0337065881320661,0.00134981480365755,"SYN-PARA-LINE-N500","FB10",3,2,1
463,0.0188944059500451,0.0144402917988227,-4.49497408813466e-06,0.0323567733284085,0.0337065881320661,0.00134981480365755,"SYN-PARA-LINE-N500","FB10",2,2,0
464,0.00113688209478932,-0.00483874942044493,6.69690266052795e-07,0.0323567733284085,0.0337065881320661,0.00134981480365755,"SYN-PARA-LINE-N500","FB10",2,2,0
465,0.00322058780331141,-0.00204326479605895,-1.87615484135854e-07,0.0323567733284085,0.0337065881320661,0.00134981480365755,"SYN-PARA-LINE-N500","FB10",2,2,0
466,-0.00443333519266559,-0.00216398790558303,-4.53250241708486e-07,0.0323567733284085,0.0337065881320661,0.00134981480365755,"SYN-PARA-LINE-N500","FB10",1,2,-1
467,0.0266350016430667,0.0287460948503419,3.53947041246558e-06,0.0323567733284085,0.0337065881320661,0.00134981480365755,"SYN-PARA-LINE-N500","FB10",1,2,-1
468,-0.000650325301160382,-0.0135468048149563,5.54295130158453e-06,0.0323567733284085,0.0337065881320661,0.00134981480365755,"SYN-PARA-LINE-N500","FB10",1,2,-1
469,0.0152486633816631,0.0163528417761288,1.05637068585151e-06,0.0323567733284085,0.0337065881320661,0.00134981480365755,"SYN-PARA-LINE-N500","FB10",2,2,0
470,-0.0194131241891812,-0.0314597598210398,1.8553312567348e-05,0.0323567733284085,0.0337065881320661,0.00134981480365755,"SYN-PARA-LINE-N500","FB10",3,2,1
471,-0.0186510152692737,-0.0151123836185543,-3.617019458261e-06,0.0323567733284085,0.0337065881320661,0.00134981480365755,"SYN-PARA-LINE-N500","FB10",2,2,0
472,-0.0155087094165359,-0.0147911419002537,-6.58222305751698e-07,0.0323567733284085,0.0337065881320661,0.00134981480365755,"SYN-PARA-LINE-N500","FB10",1,2,-1
473,0.000227536719679467,-0.00727164213506733,1.59922248017273e-06,0.0323567733284085,0.0337065881320661,0.00134981480365755,"SYN-PARA-LINE-N500","FB10",2,2,0
474,-0.0031451708036502,0.00791650443741954,1.59782796263332e-06,0.0323567733284085,0.0337065881320661,0.00134981480365755,"SYN-PARA-LINE-N500","FB10",2,2,0
475,-0.0219888496560591,-0.0242960557476955,3.23292104239192e-06,0.0323567733284085,0.0337065881320661,0.00134981480365755,"SYN-PARA-LINE-N500","FB10",1,2,-1
476,-0.00178219390515857,-0.00409695213833705,4.11992408723623e-07,0.0323567733284085,0.0337065881320661,0.00134981480365755,"SYN-PARA-LINE-N500","FB10",2,2,0
477,0.0339112203003406,0.0371862597594509,7.04920390036281e-06,0.0323567733284085,0.0337065881320661,0.00134981480365755,"SYN-PARA-LINE-N500","FB10",1,2,-1
478,0.00772781955035416,0.011691139107902,2.32999160006496e-06,0.0323567733284085,0.0337065881320661,0.00134981480365755,"SYN-PARA-LINE-N500","FB10",2,2,0
479,0.0194185959355658,0.0162105859277564,-3.46027720844878e-06,0.0323567733284085,0.0337065881320661,0.00134981480365755,"SYN-PARA-LINE-N500","FB10",2,2,0
480,-0.018774135511222,-0.014539364390997,-4.27090127358835e-06,0.0323567733284085,0.0337065881320661,0.00134981480365755,"SYN-PARA-LINE-N500","FB10",2,2,0
481,-0.0043861196626794,-0.00640779872618291,6.60633620134039e-07,0.0323567733284085,0.0337065881320661,0.00134981480365755,"SYN-PARA-LINE-N500","FB10",1,2,-1
482,-0.00399056692089261,-0.010941828626824,3.14240713926632e-06,0.0323567733284085,0.0337065881320661,0.00134981480365755,"SYN-PARA-LINE-N500","FB10",3,2,1
483,0.0317548793494069,0.0235352769152097,-1.37584008131857e-05,0.0323567733284085,0.0337065881320661,0.00134981480365755,"SYN-PARA-LINE-N500","FB10",2,2,0
484,-0.00221529011755413,0.0125549349722223,4.62340633221244e-06,0.0323567733284085,0.0337065881320661,0.00134981480365755,"SYN-PARA-LINE-N500","FB10",3,2,1
485,0.0150532566263304,0.0104389726816509,-3.56107778379649e-06,0.0323567733284085,0.0337065881320661,0.00134981480365755,"SYN-PARA-LINE-N500","FB10",1,2,-1
486,0.0276821471613933,0.0328223961352607,9.41545842413783e-06,0.0323567733284085,0.0337065881320661,0.00134981480365755,"SYN-PARA-LINE-N500","FB10",1,2,-1
487,0.0230053222956905,0.023992417370584,1.40444677140629e-06,0.0323567733284085,0.0337065881320661,0.00134981480365755,"SYN-PARA-LINE-N500","FB10",2,2,0
488,-0.0284700056228646,-0.0332177548872049,8.86657939002123e-06,0.0323567733284085,0.0337065881320661,0.00134981480365755,"SYN-PARA-LINE-N500","FB10",2,2,0
489,0.0348406802717638,0.0352248057023924,8.14791569094689e-07,0.0323567733284085,0.0337065881320661,0.00134981480365755,"SYN-PARA-LINE-N500","FB10",1,2,-1
490,0.0193889589797022,0.0301004611048101,1.60484122117453e-05,0.0323567733284085,0.0337065881320661,0.00134981480365755,"SYN-PARA-LINE-N500","FB10",1,2,-1
491,0.0314990154434839,0.0246863848716546,-1.158797758441e-05,0.0323567733284085,0.0337065881320661,0.00134981480365755,"SYN-PARA-LINE-N500","FB10",2,2,0
492,0.0102481491723573,0.0135791166922864,2.40277960216507e-06,0.0323567733284085,0.0337065881320661,0.00134981480365755,"SYN-PARA-LINE-N500","FB10",2,2,0
493,0.0307664257927627,0.027488209849496,-5.78145801575362e-06,0.0323567733284085,0.0337065881320661,0.00134981480365755,"SYN-PARA-LINE-N500","FB10",2,2,0
494,0.0342325313975738,0.0348180145912714,1.22391393045601e-06,0.0323567733284085,0.0337065881320661,0.00134981480365755,"SYN-PARA-LINE-N500","FB10",1,2,-1
495,0.045225906388175,0.0425367154513142,-7.14497240311021e-06,0.0323567733284085,0.0337065881320661,0.00134981480365755,"SYN-PARA-LINE-N500","FB10",1,2,-1
496,0.0201193984132767,0.0235723350939669,4.56727559527423e-06,0.0323567733284085,0.0337065881320661,0.00134981480365755,"SYN-PARA-LINE-N500","FB10",2,2,0
497,-0.0217354254906303,-0.0283222136284186,9.98190392574271e-06,0.0323567733284085,0.0337065881320661,0.00134981480365755,"SYN-PARA-LINE-N500","FB10",1,2,-1
498,-0.00741125334184545,-0.00543915060469846,-7.6721245289905e-07,0.0323567733284085,0.0337065881320661,0.00134981480365755,"SYN-PARA-LINE-N500","FB10",1,2,-1
499,0.0232236351326075,0.0254149935295114,3.22674066158116e-06,0.0323567733284085,0.0337065881320661,0.00134981480365755,"SYN-PARA-LINE-N500","FB10",1,2,-1
500,-0.0110852127687088,-0.00683714065500096,-2.30492206597233e-06,0.0323567733284085,0.0337065881320661,0.00134981480365755,"SYN-PARA-LINE-N500","FB10",1,2,-1
